Date,Open,High,Low,Last,Close,Total Trade Quantity,Turnover (Lacs)
2013-01-01,12927.0,13380.0,12879.85,13350.0,13243.25,20619.0,2695.81
2013-01-02,13312.4,13435.0,13256.0,13295.0,13316.2,12217.0,1631.71
2013-01-03,13351.0,13365.95,13124.15,13273.0,13279.1,10213.0,1353.29
2013-01-04,13240.0,13418.4,13221.3,13365.0,13361.1,7307.0,973.81
2013-01-07,13375.0,13439.95,13265.0,13295.0,13288.8,7509.0,1001.57
2013-01-08,13301.0,13420.0,13200.0,13350.0,13346.2,10356.0,1381.0
2013-01-09,13400.0,13849.95,13380.0,13800.0,13786.45,33042.0,4517.83
2013-01-10,13787.8,13874.0,13612.6,13630.0,13647.3,13819.0,1893.39
2013-01-11,13903.9,13903.9,13460.0,13460.05,13473.4,7241.0,984.01
2013-01-14,13488.0,13585.7,13225.0,13581.0,13509.05,10982.0,1471.28
2013-01-15,13529.85,13622.8,13465.0,13510.0,13557.85,10540.0,1427.26
2013-01-16,13475.0,13704.85,13360.0,13360.0,13404.25,9331.0,1263.82
2013-01-17,13372.0,13474.2,13252.2,13286.0,13283.35,7257.0,967.73
2013-01-18,13399.0,13450.5,13242.9,13320.5,13336.4,5817.0,777.12
2013-01-21,13394.25,13509.95,13351.0,13460.0,13450.0,5446.0,731.87
2013-01-22,13460.0,13570.0,13350.0,13425.0,13419.8,4692.0,632.01
2013-01-23,13250.05,13474.05,13072.15,13268.0,13234.05,5692.0,755.05
2013-01-24,13244.0,13332.85,13025.0,13064.0,13064.05,7752.0,1018.65
2013-01-25,13075.0,13351.0,12930.25,13350.0,13286.1,5805.0,766.36
2013-01-28,13372.0,13419.95,13230.0,13299.9,13260.45,2870.0,381.5
2013-01-29,13191.55,13388.8,13025.05,13041.0,13060.5,4938.0,651.06
2013-01-30,13094.65,13248.8,13008.95,13110.65,13098.75,5011.0,657.07
2013-01-31,13133.95,13216.85,13035.0,13144.95,13138.85,4026.0,528.37
2013-02-01,13198.0,13315.0,13140.0,13243.9,13220.7,4732.0,626.51
2013-02-04,13228.75,13390.0,13200.0,13255.0,13233.75,5085.0,675.84
2013-02-05,13234.05,13250.0,13060.0,13112.2,13146.7,4714.0,621.24
2013-02-06,13372.85,13372.85,13187.1,13239.0,13245.6,4631.0,613.88
2013-02-07,13298.85,13448.95,13050.0,13174.0,13169.75,10910.0,1444.22
2013-02-08,13250.0,13530.0,13220.2,13390.0,13408.9,16332.0,2194.34
2013-02-11,13489.95,13489.95,13260.05,13367.7,13313.1,5103.0,680.87
2013-02-12,13251.05,13400.95,13115.55,13202.0,13206.3,6593.0,872.29
2013-02-13,13279.75,13296.95,12865.0,12875.25,12907.75,8151.0,1066.78
2013-02-14,12900.0,12902.85,12246.95,12280.0,12313.7,12818.0,1598.82
2013-02-15,12353.45,12551.7,12015.0,12520.0,12486.8,14508.0,1772.05
2013-02-18,12590.05,12590.05,12382.0,12450.2,12463.35,4319.0,538.96
2013-02-19,12695.9,12695.9,12412.3,12645.0,12620.45,5316.0,667.1
2013-02-20,12644.05,12750.0,12555.45,12724.0,12689.5,4809.0,609.97
2013-02-21,12621.0,12698.5,12301.5,12350.0,12353.6,5010.0,624.05
2013-02-22,12365.0,12505.0,12160.0,12380.25,12388.85,12339.0,1522.76
2013-02-25,12400.0,12415.2,12250.0,12250.0,12294.9,5098.0,627.85
2013-02-26,12297.2,12300.05,12126.65,12240.0,12220.45,4374.0,534.71
2013-02-27,12338.95,12550.6,12060.0,12165.0,12200.8,7171.0,876.69
2013-02-28,12260.9,12314.55,11261.1,11460.0,11427.75,26188.0,3060.6
2013-03-01,11379.0,11694.65,11111.65,11600.0,11572.7,6928.0,800.55
2013-03-04,11669.0,11779.95,11418.0,11644.0,11593.0,10373.0,1200.05
2013-03-05,11684.3,11970.0,11625.0,11970.0,11902.85,6343.0,747.03
2013-03-06,11970.0,12256.0,11925.1,12180.1,12181.3,7783.0,941.22
2013-03-07,12170.0,12641.95,12133.25,12597.0,12597.2,10505.0,1301.84
2013-03-08,12756.45,13020.0,12550.3,13000.0,12977.25,15067.0,1939.15
2013-03-11,13124.25,13124.25,12851.0,12851.0,12909.65,10582.0,1374.88
2013-03-12,12555.0,12973.75,12480.9,12810.0,12785.8,8673.0,1108.49
2013-03-13,12888.0,12888.0,12580.0,12699.0,12657.55,5187.0,658.26
2013-03-14,12501.5,12975.0,12390.0,12924.0,12923.9,11171.0,1420.07
2013-03-15,12917.0,13000.0,12685.05,12720.0,12711.9,6699.0,859.04
2013-03-18,12650.0,12680.0,12500.05,12582.0,12602.05,3817.0,479.97
2013-03-19,12724.8,12839.95,12138.3,12389.0,12394.6,9481.0,1176.6
2013-03-20,12302.0,12468.0,11901.0,11989.9,11966.5,9425.0,1140.16
2013-03-21,11976.0,12067.9,11602.05,11630.0,11674.0,11199.0,1327.29
2013-03-22,11799.45,11799.45,11510.0,11580.0,11610.05,5198.0,605.01
2013-03-25,11750.05,11810.05,11625.0,11625.0,11676.15,6320.0,740.19
2013-03-26,11742.0,11780.95,11263.0,11600.0,11617.95,7790.0,908.32
2013-03-28,11776.8,12238.0,11581.5,11957.95,11971.8,11383.0,1360.97
2013-04-01,12140.0,12140.0,11900.0,12047.5,12073.8,4792.0,576.07
2013-04-02,12180.0,12234.0,11972.0,12175.0,12190.85,5004.0,606.88
2013-04-03,12050.0,12567.2,11810.05,11933.0,11985.4,6627.0,809.83
2013-04-04,11935.0,12028.0,11750.0,11761.0,11772.8,5789.0,684.79
2013-04-05,11800.95,11970.0,11777.0,11959.5,11886.6,3660.0,434.24
2013-04-08,11801.0,11980.0,11780.25,11851.0,11827.8,2377.0,282.52
2013-04-09,11855.0,12116.35,11485.0,11600.0,11547.35,8057.0,947.67
2013-04-10,11512.0,11799.95,11432.4,11653.5,11694.95,6489.0,753.8
2013-04-11,11890.0,12567.2,11560.1,11600.5,11675.85,5808.0,679.32
2013-04-12,11680.0,11800.0,11450.0,11705.0,11713.3,3298.0,385.47
2013-04-15,11813.0,11979.65,11650.0,11900.05,11865.65,4344.0,515.44
2013-04-16,11876.45,12394.0,11876.45,12350.1,12349.75,17019.0,2067.18
2013-04-17,12549.0,12549.0,12201.0,12300.25,12303.6,11372.0,1401.34
2013-04-18,12304.0,12970.0,12270.0,12930.0,12901.45,32151.0,4077.56
2013-04-22,12930.0,13270.3,12801.0,13245.0,13224.55,15037.0,1959.88
2013-04-23,13224.0,13920.05,13050.0,13900.0,13827.7,30925.0,4184.56
2013-04-25,13815.05,14139.2,13568.35,13600.0,13672.65,44291.0,6106.7
2013-04-26,13700.0,13890.0,13450.0,13627.0,13592.7,11391.0,1553.31
2013-04-29,13627.0,13816.55,13600.0,13700.0,13663.45,11217.0,1536.24
2013-04-30,13820.0,13825.85,13118.0,13391.0,13379.35,12477.0,1681.83
2013-05-02,13450.0,13640.0,13305.0,13435.0,13395.3,12963.0,1749.28
2013-05-03,13550.0,13660.0,13280.0,13519.95,13567.5,15379.0,2077.95
2013-05-06,13588.35,14226.9,13405.05,14200.0,14118.8,24313.0,3369.4
2013-05-07,14170.0,14330.0,14042.1,14169.0,14183.95,18227.0,2589.31
2013-05-08,14210.0,14705.0,14016.0,14625.0,14616.7,29703.0,4289.95
2013-05-09,14600.0,14895.0,14512.3,14889.95,14739.95,19463.0,2867.29
2013-05-10,14752.0,15008.7,14720.05,14790.0,14837.5,14646.0,2174.9
2013-05-11,14852.0,14890.0,14732.8,14805.0,14832.1,1157.0,171.49
2013-05-13,14899.8,14900.0,14575.5,14652.85,14652.85,8509.0,1254.79
2013-05-14,14610.1,14928.75,14610.1,14830.0,14850.15,13029.0,1926.82
2013-05-15,14800.0,15250.0,14800.0,15146.0,15152.4,17167.0,2588.73
2013-05-16,15030.05,15329.95,15030.05,15194.0,15178.65,10937.0,1665.06
2013-05-17,15204.0,15204.0,14921.0,15000.0,14992.4,9062.0,1363.09
2013-05-20,15030.0,15220.0,14975.0,15018.0,15001.35,7887.0,1190.66
2013-05-21,14986.0,15250.0,14986.0,15229.85,15182.7,12352.0,1870.36
2013-05-22,15190.0,15499.0,15190.0,15379.0,15373.4,12226.0,1880.82
2013-05-23,15345.0,15375.0,14810.0,15026.3,14916.4,11765.0,1776.98
2013-05-24,15140.0,15380.0,14823.7,15330.0,15267.75,10207.0,1540.42
2013-05-27,15297.0,15450.0,15218.8,15350.0,15397.25,7563.0,1162.01
2013-05-28,15350.0,15450.0,15235.1,15400.0,15382.15,5521.0,847.64
2013-05-29,15448.0,15448.0,14916.0,15120.0,15141.05,9254.0,1399.43
2013-05-30,15142.0,15240.0,14900.0,14965.0,15005.45,11287.0,1700.06
2013-05-31,14960.0,15180.0,14871.1,14919.95,14895.1,6501.0,973.19
2013-06-03,14805.4,15138.0,14805.4,15060.0,15032.8,6048.0,908.39
2013-06-04,14979.9,15422.0,14920.25,15100.05,15169.35,11208.0,1706.21
2013-06-05,15050.0,15350.0,15050.0,15300.35,15274.7,8228.0,1253.15
2013-06-06,15150.0,15310.0,15108.0,15235.0,15200.6,4986.0,758.83
2013-06-07,15200.0,15359.9,14928.0,14985.0,14992.35,8512.0,1292.23
2013-06-10,15200.0,15210.0,14721.0,14721.0,14752.35,9016.0,1339.38
2013-06-11,14700.0,14719.8,14355.0,14441.0,14460.2,8600.0,1246.06
2013-06-12,14400.0,14775.45,14400.0,14700.0,14677.7,5765.0,843.0
2013-06-13,14470.0,14569.0,14257.1,14400.0,14331.35,7936.0,1146.01
2013-06-14,14325.0,14568.95,14213.0,14319.95,14311.9,7422.0,1066.47
2013-06-17,14399.0,14400.0,14145.35,14360.05,14298.1,5908.0,843.58
2013-06-18,14060.0,14394.75,14060.0,14136.0,14164.75,6162.0,877.7
2013-06-19,14230.0,14275.0,14020.0,14065.2,14109.15,8130.0,1149.72
2013-06-20,14050.0,14050.0,13620.0,13620.0,13769.25,8605.0,1189.77
2013-06-21,13700.0,13769.9,12700.05,13025.0,12933.15,19777.0,2584.44
2013-06-24,13000.0,13308.05,12180.0,12300.25,12305.9,17951.0,2250.32
2013-06-25,12598.0,12908.0,12251.0,12555.85,12652.55,18072.0,2282.6
2013-06-26,12759.9,12825.0,12280.8,12281.0,12355.3,6413.0,804.05
2013-06-27,12470.0,12709.95,12456.55,12565.0,12524.1,10913.0,1369.25
2013-06-28,12700.0,13019.95,12605.05,12830.0,12926.15,10404.0,1333.86
2013-07-01,12875.0,12980.0,12760.0,12940.0,12918.45,8718.0,1122.9
2013-07-02,12950.0,13084.0,12760.0,12788.0,12804.7,7963.0,1025.74
2013-07-03,12750.0,12750.05,12253.1,12305.0,12305.7,12296.0,1521.0
2013-07-04,12475.0,12553.0,12280.05,12460.0,12431.9,9049.0,1124.03
2013-07-05,12510.0,12661.5,12070.0,12240.0,12269.95,14767.0,1822.87
2013-07-08,12225.0,12299.95,12050.0,12220.0,12207.9,6574.0,801.17
2013-07-09,12498.0,12528.7,12260.0,12487.0,12475.95,8145.0,1010.7
2013-07-10,12450.0,12675.0,12435.0,12550.0,12501.15,7639.0,959.74
2013-07-11,12412.0,12744.6,12412.0,12610.0,12661.4,6834.0,865.39
2013-07-12,12701.0,12790.0,12523.8,12560.0,12605.2,4420.0,557.38
2013-07-15,12650.0,12908.9,12462.2,12874.0,12837.85,8679.0,1106.0
2013-07-16,12709.0,12799.0,12511.0,12550.0,12576.85,5238.0,664.09
2013-07-17,12715.0,12735.0,12455.6,12586.0,12594.5,11901.0,1496.68
2013-07-18,12725.0,13650.0,12600.1,13615.0,13588.35,28775.0,3826.55
2013-07-19,13650.0,14278.8,13611.0,13751.0,13819.6,38653.0,5405.86
2013-07-22,13690.0,14450.0,13690.0,14420.0,14397.25,28065.0,3983.13
2013-07-23,14411.0,14813.95,14300.0,14375.0,14386.5,23879.0,3484.43
2013-07-24,14299.0,14620.0,13682.0,13785.0,13811.35,20715.0,2918.66
2013-07-25,13780.0,14723.7,13640.1,13865.0,13850.15,71698.0,10173.58
2013-07-26,14149.0,14187.0,13702.1,13760.0,13793.4,23941.0,3343.37
2013-07-29,13793.4,13933.2,13600.0,13612.0,13637.2,10653.0,1463.69
2013-07-30,13725.0,13754.7,13110.05,13136.0,13181.3,12290.0,1646.44
2013-07-31,13197.0,13325.0,12770.3,13315.0,13217.45,15135.0,1974.97
2013-08-01,13495.0,13495.0,12725.0,12755.0,12855.8,13259.0,1732.02
2013-08-02,12947.0,13069.0,12631.0,12702.0,12735.25,11869.0,1525.01
2013-08-05,12795.0,12975.0,12601.0,12752.65,12744.55,10062.0,1286.24
2013-08-06,12745.0,12745.0,12311.0,12500.0,12504.05,10813.0,1356.54
2013-08-07,12403.0,12946.2,12403.0,12860.0,12846.45,8913.0,1135.23
2013-08-08,12722.0,13134.7,12722.0,12960.95,12984.85,6727.0,874.31
2013-08-12,13220.0,13500.0,13002.05,13476.25,13450.05,12389.0,1644.71
2013-08-13,13470.0,14211.0,13373.1,14177.0,14134.75,23485.0,3275.69
2013-08-14,14200.0,14332.95,14035.0,14155.05,14173.95,10459.0,1481.27
2013-08-16,14199.0,14264.4,13310.05,13396.0,13409.85,12492.0,1706.75
2013-08-19,13400.0,13400.0,12800.05,13050.0,13114.85,8885.0,1164.07
2013-08-20,13000.0,13516.0,12820.0,13495.0,13475.2,13769.0,1832.24
2013-08-21,13625.0,13817.85,12860.05,12930.0,12953.75,12172.0,1628.16
2013-08-22,12824.0,13292.0,12716.4,13069.0,13044.8,12661.0,1648.89
2013-08-23,12951.0,13319.0,12950.0,13190.0,13202.25,8894.0,1169.7
2013-08-26,13205.0,13375.75,13124.0,13250.0,13237.2,7335.0,972.17
2013-08-27,13250.0,13250.0,12851.05,12994.8,12901.65,4267.0,554.81
2013-08-28,12801.0,12988.8,12550.0,12926.0,12925.1,7384.0,944.07
2013-08-29,13000.0,13239.3,12905.15,13099.8,13127.95,11233.0,1469.58
2013-08-30,13070.0,13230.0,12780.6,12870.0,12893.95,9495.0,1234.85
2013-09-02,12940.0,13668.0,12940.0,13668.0,13582.55,17007.0,2268.08
2013-09-03,13690.0,13780.05,13000.0,13006.0,13033.25,14466.0,1933.87
2013-09-04,13188.0,13536.15,13050.0,13415.0,13421.55,10306.0,1368.03
2013-09-05,13637.0,13715.0,13020.4,13068.0,13101.45,17924.0,2393.11
2013-09-06,13200.0,13280.0,12950.0,12990.0,12985.85,12822.0,1682.66
2013-09-10,13100.0,13300.0,13051.0,13070.0,13076.3,12922.0,1695.72
2013-09-11,13176.3,13176.3,12740.0,12780.0,12788.8,17882.0,2301.24
2013-09-12,12900.0,13130.65,12711.05,12900.0,12893.1,13541.0,1752.97
2013-09-13,12924.0,13039.9,12760.0,12800.1,12823.8,7066.0,910.61
2013-09-16,13154.0,13154.0,12725.05,12844.95,12821.8,6917.0,890.33
2013-09-17,12872.0,12925.45,12735.0,12880.0,12824.4,5343.0,685.48
2013-09-18,12921.0,12981.9,12820.0,12839.9,12859.15,3457.0,444.9
2013-09-19,13099.0,13278.0,12902.35,13150.0,13169.35,13448.0,1765.4
2013-09-20,13180.0,13369.65,12670.0,12955.0,12990.6,14535.0,1895.85
2013-09-23,12950.0,12960.3,12826.0,12826.0,12851.05,4005.0,515.6
2013-09-24,12839.15,13060.0,12801.0,12825.0,12842.7,5981.0,772.66
2013-09-25,12845.0,12980.0,12800.0,12824.0,12833.1,7020.0,902.56
2013-09-26,12783.0,12949.9,12720.0,12860.0,12792.05,7877.0,1011.47
2013-09-27,12855.0,13722.0,12830.0,13500.0,13472.55,42694.0,5735.25
2013-09-30,13311.05,13580.0,13301.0,13380.0,13385.05,10736.0,1444.39
2013-10-01,13385.05,13950.0,13290.0,13860.0,13855.65,24791.0,3401.78
2013-10-03,13944.3,14666.0,13930.0,14540.0,14549.25,33072.0,4747.09
2013-10-04,14455.0,14671.0,14235.7,14381.1,14389.05,25383.0,3666.43
2013-10-07,14400.1,14899.0,14300.0,14851.5,14824.05,22347.0,3297.22
2013-10-08,14999.0,15135.65,14700.5,14932.95,14991.4,22885.0,3422.64
2013-10-09,14890.0,14998.0,14717.05,14849.5,14867.45,10139.0,1511.82
2013-10-10,14850.0,14949.0,14630.0,14665.0,14671.55,8993.0,1328.76
2013-10-11,14800.0,15300.0,14760.1,15122.0,15184.35,21395.0,3239.46
2013-10-14,15100.0,15450.0,15050.1,15310.0,15335.75,14462.0,2213.48
2013-10-15,15400.0,15437.95,15030.4,15150.0,15086.9,8313.0,1263.69
2013-10-17,15149.0,15300.0,15057.6,15149.0,15114.8,5976.0,906.6
2013-10-18,15149.0,15339.95,15024.25,15250.0,15265.55,6255.0,952.38
2013-10-21,15201.0,15385.65,15150.0,15305.0,15297.8,6679.0,1022.46
2013-10-22,15120.0,15824.8,15100.0,15700.0,15721.9,18214.0,2856.78
2013-10-23,15702.0,15849.0,15479.95,15650.0,15638.9,8284.0,1296.59
2013-10-24,15674.3,15950.0,15526.0,15635.0,15643.65,11473.0,1805.91
2013-10-25,15487.0,15690.0,15376.15,15437.0,15472.65,6306.0,978.43
2013-10-28,15305.0,15649.95,15300.0,15350.0,15353.5,3430.0,528.75
2013-10-29,15400.0,15653.9,15301.1,15530.1,15541.1,6719.0,1042.46
2013-10-30,15594.0,15787.0,15510.0,15611.0,15645.45,6114.0,957.16
2013-10-31,15600.0,15800.0,15589.95,15661.0,15751.1,11279.0,1769.68
2013-11-01,15779.0,16144.0,15640.7,15990.1,16020.4,11597.0,1851.44
2013-11-03,16100.0,16199.0,16010.0,16080.0,16094.7,1989.0,320.52
2013-11-05,15962.0,16744.7,15852.0,16685.0,16646.25,20876.0,3428.4
2013-11-06,16663.05,16840.0,16422.0,16431.55,16466.6,11521.0,1918.39
2013-11-07,16599.0,16599.0,16151.0,16170.1,16182.85,5133.0,838.57
2013-11-08,16200.0,16540.0,16134.05,16355.0,16404.0,4997.0,818.61
2013-11-11,16211.7,16770.0,16211.7,16620.0,16591.45,10840.0,1794.22
2013-11-12,16501.0,16700.0,16340.0,16340.1,16417.3,11747.0,1939.87
2013-11-13,16300.0,16699.0,16300.0,16500.0,16507.2,8924.0,1474.88
2013-11-14,16598.95,16690.5,16500.0,16525.0,16523.4,3241.0,537.44
2013-11-18,16730.0,17020.0,16525.15,16999.0,16977.9,10136.0,1710.16
2013-11-19,16950.0,17210.0,16900.05,16965.0,16982.65,13077.0,2230.66
2013-11-20,17050.0,17179.65,16791.85,16930.0,16861.9,8068.0,1369.3
2013-11-21,17077.0,17078.0,16810.6,16880.0,16836.3,6485.0,1097.58
2013-11-22,17034.0,17085.0,16723.0,16865.95,16851.2,5579.0,942.31
2013-11-25,17040.0,17199.0,16960.0,17157.0,17155.35,5655.0,966.11
2013-11-26,17055.0,17759.0,17030.0,17670.0,17668.4,17379.0,3027.77
2013-11-27,17700.1,17930.0,17594.25,17730.0,17696.8,13062.0,2318.2
2013-11-28,17725.0,18025.0,17480.0,17520.0,17552.15,21944.0,3902.62
2013-11-29,17499.0,17500.0,17070.0,17400.0,17348.9,28894.0,4988.36
2013-12-02,17487.0,17487.0,17211.0,17367.05,17364.5,9107.0,1582.39
2013-12-03,17312.0,17438.0,17118.0,17250.1,17265.05,8181.0,1414.79
2013-12-04,17308.0,17548.85,17150.0,17390.0,17406.8,14145.0,2461.94
2013-12-05,17520.0,17625.0,17351.0,17519.95,17494.95,10441.0,1826.08
2013-12-06,17500.0,17885.0,17422.0,17800.0,17830.2,11593.0,2048.87
2013-12-09,17898.9,17994.95,17680.05,17712.0,17735.1,8333.0,1481.81
2013-12-10,17689.85,18585.0,17555.2,18560.0,18513.5,24207.0,4392.16
2013-12-11,18410.0,19210.0,18101.9,19210.0,19115.95,30552.0,5774.95
2013-12-12,19012.0,19770.0,19012.0,19485.0,19567.35,43211.0,8411.06
2013-12-13,19450.0,19874.0,19020.0,19060.1,19124.2,47209.0,9176.48
2013-12-16,19100.0,19840.0,19100.0,19803.0,19786.85,26995.0,5282.66
2013-12-17,19813.0,20199.0,19620.0,19800.0,19744.6,26880.0,5353.62
2013-12-18,19820.0,20075.0,19760.1,19931.0,19898.05,17134.0,3412.95
2013-12-19,19979.0,20106.75,19710.0,19781.05,19795.35,10036.0,1991.66
2013-12-20,19750.0,20225.0,19675.25,19730.0,19831.25,32238.0,6439.77
2013-12-23,19735.0,19880.0,19511.0,19630.0,19627.1,14093.0,2781.72
2013-12-24,19760.0,19849.8,19541.3,19585.0,19603.9,12728.0,2508.47
2013-12-26,19623.65,19779.75,19000.05,19045.0,19072.95,23870.0,4608.41
2013-12-27,19149.0,19449.35,19120.0,19424.0,19408.6,15268.0,2949.93
2013-12-30,19590.0,19629.95,19180.0,19192.05,19260.6,15356.0,2985.27
2013-12-31,19347.0,19439.95,19170.1,19356.0,19364.4,8550.0,1650.52
2014-01-01,19399.0,19499.9,19216.0,19220.0,19276.95,6371.0,1232.39
2014-01-02,19366.0,19444.0,18956.3,18988.0,19019.85,10813.0,2076.72
2014-01-03,19001.0,19249.0,18905.1,19150.0,19162.65,11415.0,2172.85
2014-01-06,19174.0,19439.95,19046.1,19210.0,19287.95,13030.0,2509.8
2014-01-07,19349.0,19450.0,19056.05,19130.0,19120.35,7225.0,1390.29
2014-01-08,19170.0,19300.0,19000.0,19070.0,19075.95,6721.0,1286.54
2014-01-09,19150.0,19249.95,19023.3,19170.0,19153.1,6314.0,1208.11
2014-01-10,19105.0,19299.9,19002.0,19120.0,19101.5,6476.0,1240.33
2014-01-13,19170.0,19289.95,18925.5,19162.0,19124.75,7724.0,1476.98
2014-01-14,19170.0,19420.0,19103.05,19350.0,19264.25,8600.0,1658.54
2014-01-15,19519.0,19519.0,19210.0,19270.0,19271.85,2863.0,552.77
2014-01-16,19271.85,19920.0,19151.0,19870.45,19824.8,18815.0,3661.55
2014-01-17,19899.0,20155.0,19421.0,19502.3,19522.75,17950.0,3554.65
2014-01-20,19551.0,19733.55,19422.0,19597.0,19610.8,8857.0,1734.68
2014-01-21,19612.0,19769.95,19560.0,19611.0,19624.7,5115.0,1004.95
2014-01-22,19624.7,20049.0,19570.0,20015.0,19953.0,9540.0,1893.9
2014-01-23,20050.0,20149.0,19370.0,19380.1,19408.85,12486.0,2455.75
2014-01-24,19549.0,19550.0,19211.2,19230.0,19249.75,6638.0,1282.24
2014-01-27,19175.0,19244.95,18740.0,18794.4,18804.7,7680.0,1453.62
2014-01-28,18785.75,19148.65,18645.0,18990.0,19034.35,5420.0,1023.35
2014-01-29,19000.0,19150.0,18855.3,19000.0,18948.65,3995.0,760.41
2014-01-30,18900.0,19247.5,18670.0,19199.0,19030.1,4941.0,931.5
2014-01-31,19287.0,19530.0,19112.3,19500.0,19433.95,8039.0,1553.6
2014-02-03,19450.0,19850.0,19350.0,19700.0,19676.75,11770.0,2315.41
2014-02-04,19470.0,20020.0,19305.0,19950.0,19895.15,10185.0,2010.94
2014-02-05,19906.0,20125.0,19730.0,19997.4,19925.45,12958.0,2582.75
2014-02-06,19835.0,20060.0,18985.0,19000.0,19378.35,33650.0,6561.73
2014-02-07,19050.0,19250.0,18686.4,18760.0,18807.8,18591.0,3530.79
2014-02-10,18944.0,19159.95,18740.0,18880.0,18832.65,10721.0,2028.4
2014-02-11,19085.0,19210.0,18911.05,19108.0,19161.95,8957.0,1708.5
2014-02-12,19250.0,19250.0,18900.2,19200.0,19182.45,4156.0,796.01
2014-02-13,19050.0,19224.0,18830.55,18830.55,18890.3,5702.0,1082.97
2014-02-14,18900.0,19098.95,18703.0,18868.6,18897.6,4215.0,796.47
2014-02-17,18850.0,19089.5,18771.15,18856.0,18890.7,3417.0,645.33
2014-02-18,18710.0,18999.95,18701.8,18827.6,18850.15,3788.0,715.8
2014-02-19,18732.0,19200.0,18732.0,19151.0,19113.25,4301.0,817.68
2014-02-20,18913.0,19194.0,18802.0,18802.05,18834.3,6359.0,1206.59
2014-02-21,18840.0,19120.5,18840.0,18910.0,18918.0,7264.0,1377.48
2014-02-24,18914.0,19172.35,18910.0,19000.0,19002.55,3717.0,706.81
2014-02-25,19002.0,19175.0,18991.7,19060.0,19085.75,4038.0,769.55
2014-02-26,19091.25,19220.0,19000.0,19023.0,19026.55,7390.0,1409.9
2014-02-28,19045.7,19198.0,19020.0,19021.15,19086.75,3463.0,660.76
2014-03-03,19010.0,19200.0,19000.2,19070.0,19098.75,4444.0,849.89
2014-03-04,19190.0,19699.9,19075.0,19601.0,19633.35,12180.0,2370.72
2014-03-05,19699.9,19749.95,19421.0,19450.0,19478.55,6462.0,1263.86
2014-03-06,19499.0,20550.05,19448.0,20420.0,20367.6,19966.0,3987.3
2014-03-07,20460.0,20625.0,20240.0,20400.0,20412.35,12453.0,2542.56
2014-03-10,20400.0,20780.0,20150.05,20780.0,20663.0,9041.0,1860.72
2014-03-11,20679.95,20975.0,20560.05,20781.1,20785.9,14300.0,2967.83
2014-03-12,20605.0,20950.0,20605.0,20756.1,20844.4,15839.0,3291.33
2014-03-13,20850.0,20980.0,20595.0,20688.0,20671.05,7729.0,1610.72
2014-03-14,20700.0,21100.0,20530.0,21100.0,20943.45,6703.0,1391.27
2014-03-18,21095.0,21650.3,20760.5,21570.0,21591.85,17091.0,3645.73
2014-03-19,21670.0,21790.0,21450.05,21585.0,21583.15,9292.0,2010.28
2014-03-20,21585.0,21604.9,21270.6,21320.0,21453.8,4633.0,992.56
2014-03-21,21351.0,22450.0,21351.0,22300.5,22300.9,30470.0,6742.33
2014-03-22,22355.0,22570.0,22301.0,22502.0,22496.25,3429.0,770.51
2014-03-24,22518.9,22588.95,22065.0,22071.0,22167.05,11344.0,2522.99
2014-03-25,22294.0,22450.0,22000.0,22050.0,22205.7,22250.0,4950.68
2014-03-26,22239.9,22320.0,21770.0,21876.6,21863.7,13012.0,2856.3
2014-03-27,21701.0,22156.0,20773.35,21165.0,21118.35,21138.0,4521.35
2014-03-28,21350.0,21674.0,21151.0,21580.0,21459.15,9983.0,2131.41
2014-03-31,21685.0,21988.8,21459.15,21661.0,21788.75,7958.0,1729.76
2014-04-01,21810.7,21974.9,21610.0,21631.0,21669.35,5416.0,1177.14
2014-04-02,21910.0,22344.0,21651.25,22320.0,22276.35,16004.0,3522.09
2014-04-03,22399.0,22399.2,21931.0,22160.0,22216.95,10453.0,2315.69
2014-04-04,22222.0,22477.8,22010.0,22381.0,22379.9,10538.0,2348.62
2014-04-07,22326.75,22488.0,22251.0,22300.0,22290.7,6469.0,1445.38
2014-04-09,22305.0,22525.0,22180.0,22380.0,22388.25,4261.0,954.59
2014-04-10,22599.0,22749.0,21969.95,22149.9,22146.75,12285.0,2757.32
2014-04-11,22200.0,22998.9,22140.0,22998.9,22837.35,11515.0,2600.12
2014-04-15,22850.0,23500.0,22800.05,23475.0,23464.2,16263.0,3779.51
2014-04-16,23400.0,23690.0,23350.0,23555.0,23454.95,9293.0,2189.66
2014-04-17,23450.25,23835.0,23450.25,23701.5,23750.05,12911.0,3053.31
2014-04-21,23773.9,23899.0,23350.0,23506.0,23568.25,9145.0,2165.08
2014-04-22,23600.0,25925.05,21380.0,22800.0,22228.6,71887.0,16116.4
2014-04-23,22088.0,22483.95,21511.0,21720.0,21697.4,46676.0,10272.39
2014-04-25,21500.0,22000.0,20251.0,20260.0,20428.5,48382.0,10101.9
2014-04-28,20399.0,20924.95,19816.1,20730.0,20656.35,40884.0,8391.97
2014-04-29,20735.0,20999.0,20525.0,20700.0,20721.55,10505.0,2181.57
2014-04-30,20678.0,20890.0,20375.0,20550.0,20528.55,7578.0,1562.86
2014-05-02,20575.0,20790.05,20502.5,20714.0,20714.0,6697.0,1385.59
2014-05-05,20677.0,20930.0,20607.0,20645.0,20641.05,3462.0,717.65
2014-05-06,20642.0,20905.0,20642.0,20799.95,20812.65,5216.0,1085.98
2014-05-07,20605.0,20925.0,20604.5,20750.0,20761.25,7792.0,1620.17
2014-05-08,20632.0,21392.0,20632.0,21255.05,21287.95,8068.0,1700.25
2014-05-09,21290.1,21498.0,21052.0,21450.0,21417.2,10443.0,2226.56
2014-05-12,21450.0,21747.0,21410.05,21575.0,21602.25,6906.0,1490.74
2014-05-13,21675.0,21784.95,21200.0,21400.0,21404.8,6127.0,1317.45
2014-05-14,21409.0,22046.95,21259.0,21880.0,21902.3,9202.0,2003.47
2014-05-15,21902.15,22029.95,21510.0,21601.0,21584.75,6651.0,1450.42
2014-05-16,21950.0,22670.0,21715.0,22199.0,22222.8,9590.0,2142.56
2014-05-19,22161.0,23000.0,22161.0,22900.0,22820.2,4635.0,1047.3
2014-05-20,22905.0,23002.2,22567.3,22710.0,22775.9,5187.0,1182.78
2014-05-21,22769.0,22975.0,22401.0,22411.1,22445.3,7873.0,1777.87
2014-05-22,22542.95,23045.0,22542.0,22850.0,22833.45,5556.0,1269.07
2014-05-23,22850.0,23278.6,22850.0,23155.0,23143.5,5095.0,1177.04
2014-05-26,23200.0,23390.0,22750.05,23099.0,23076.45,9200.0,2130.97
2014-05-27,23098.0,23100.0,22550.0,22700.0,22731.7,5540.0,1263.18
2014-05-28,23020.0,23020.0,22551.0,22959.0,22880.95,10582.0,2419.84
2014-05-29,22800.0,23098.8,22800.0,22870.0,22936.1,2554.0,586.47
2014-05-30,22710.0,22920.0,22653.05,22800.0,22733.3,3759.0,856.63
2014-06-02,22506.0,23130.0,22506.0,23011.5,23009.15,5101.0,1169.15
2014-06-03,22985.0,23300.0,22950.0,23199.0,23198.45,3628.0,838.98
2014-06-04,23189.4,23300.05,23055.1,23120.0,23142.4,2060.0,477.45
2014-06-05,23012.0,23921.65,23012.0,23900.0,23848.4,7363.0,1737.8
2014-06-06,23900.05,24548.0,23900.05,24150.0,24340.2,9635.0,2341.96
2014-06-09,24150.0,24635.0,24122.0,24540.0,24585.9,4142.0,1014.14
2014-06-10,24560.0,24634.65,24192.95,24202.15,24242.75,6130.0,1489.09
2014-06-11,24265.05,24599.0,23655.0,23770.0,23785.3,7476.0,1808.87
2014-06-12,23784.0,24085.0,23705.6,23850.0,23866.95,2877.0,687.26
2014-06-13,23800.0,24079.15,23200.0,23263.2,23279.05,5082.0,1198.29
2014-06-16,23250.0,23410.0,22448.95,22825.0,22804.6,6487.0,1479.32
2014-06-17,22801.7,23550.0,22801.7,23500.0,23469.3,5179.0,1207.63
2014-06-18,23400.0,23888.0,23400.0,23456.0,23483.9,5118.0,1211.46
2014-06-19,23332.0,23749.95,23200.0,23261.1,23312.15,2692.0,631.18
2014-06-20,23263.0,23500.0,23110.05,23179.95,23180.5,1916.0,445.78
2014-06-23,23300.0,23697.95,23250.0,23585.0,23610.9,4893.0,1148.84
2014-06-24,23601.0,24048.0,23601.0,23712.05,23798.05,5502.0,1311.99
2014-06-25,23521.0,23950.0,23406.0,23441.0,23490.6,5333.0,1262.98
2014-06-26,23580.0,23687.0,22986.95,23239.95,23159.1,10634.0,2476.68
2014-06-27,23340.0,23550.0,23110.5,23166.95,23176.3,5171.0,1202.51
2014-06-30,23199.6,23670.0,23199.6,23669.95,23611.6,3791.0,892.07
2014-07-01,23699.8,23775.0,23500.0,23649.0,23649.75,2941.0,696.01
2014-07-02,23750.0,24034.5,23658.85,23875.0,23866.05,8725.0,2082.31
2014-07-03,23875.0,24049.0,23550.0,23550.0,23732.4,3469.0,827.85
2014-07-04,23970.0,23970.0,23572.6,23730.0,23742.45,3614.0,857.64
2014-07-07,23750.0,23859.95,23540.0,23622.0,23620.85,2195.0,519.38
2014-07-08,23750.0,23750.0,22766.0,22970.0,22957.75,4275.0,996.8
2014-07-09,23001.0,23250.0,22651.05,22820.0,22833.6,4559.0,1044.67
2014-07-10,22801.25,23132.8,22050.0,22347.95,22445.05,10259.0,2317.67
2014-07-11,22500.0,22660.0,21360.05,21460.0,21617.1,7696.0,1691.35
2014-07-14,21617.1,21899.0,21001.0,21490.0,21513.9,4221.0,908.5
2014-07-15,21655.0,21988.0,21610.0,21840.0,21906.75,3130.0,683.57
2014-07-16,22460.0,22924.15,21625.0,22899.95,22821.3,10086.0,2270.18
2014-07-17,22700.0,23350.1,22700.0,23220.0,23288.55,7536.0,1739.02
2014-07-18,23099.0,23474.95,22880.0,23311.0,23311.65,6292.0,1460.81
2014-07-21,23335.1,23549.0,23130.05,23150.0,23211.85,3476.0,811.36
2014-07-22,23399.0,23399.0,22905.0,22955.0,22992.05,4349.0,1005.68
2014-07-23,22999.0,24768.65,22450.0,24668.95,24332.3,59158.0,14003.82
2014-07-24,24499.0,24680.65,23701.2,23835.05,23858.1,19603.0,4724.2
2014-07-25,24089.0,24089.0,23336.6,23655.05,23719.7,5951.0,1411.47
2014-07-28,23725.0,23990.0,23500.0,23550.0,23594.45,3640.0,860.0
2014-07-30,23551.0,23749.0,23312.0,23540.0,23584.65,3682.0,864.78
2014-07-31,23600.0,23675.0,23255.75,23282.05,23337.2,4987.0,1168.56
2014-08-01,23265.0,23950.0,22999.95,23280.1,23324.15,9108.0,2143.39
2014-08-04,23280.1,23750.0,23280.1,23700.0,23694.55,4992.0,1178.29
2014-08-05,23626.0,23899.0,23500.0,23715.0,23788.4,3552.0,842.7
2014-08-06,23555.2,23868.95,23430.0,23481.0,23524.25,6894.0,1629.95
2014-08-07,23484.25,23685.0,23350.05,23650.0,23585.05,4190.0,986.16
2014-08-08,23504.0,23749.85,23360.0,23400.05,23434.35,2867.0,673.39
2014-08-11,23795.0,23797.95,23238.0,23250.0,23360.2,4763.0,1115.77
2014-08-12,23336.0,23599.0,23336.0,23400.0,23399.85,3665.0,858.12
2014-08-13,23360.0,23567.8,23275.0,23303.0,23329.65,3867.0,903.45
2014-08-14,23300.0,23470.0,23260.0,23330.0,23364.95,1704.0,398.49
2014-08-18,23300.0,24150.0,23275.05,24100.0,24097.95,5525.0,1318.43
2014-08-19,24050.0,24444.0,23815.15,24250.1,24315.55,5648.0,1369.99
2014-08-20,24299.0,24299.0,24020.05,24190.0,24163.8,3215.0,776.97
2014-08-21,24165.0,24345.0,24025.0,24250.0,24214.85,3649.0,882.72
2014-08-22,24250.0,24400.0,24199.25,24300.0,24325.15,2579.0,627.06
2014-08-25,24325.15,24379.95,24065.0,24081.1,24112.9,2870.0,694.74
2014-08-26,24005.05,24211.95,23900.0,24100.0,24047.3,3073.0,739.9
2014-08-27,24112.9,24320.0,24002.05,24270.0,24255.4,2907.0,702.73
2014-08-28,24013.0,24270.0,23953.15,23990.0,24030.95,2561.0,616.04
2014-09-01,24114.45,25299.0,24080.0,25230.0,25264.15,14553.0,3626.4
2014-09-02,25201.0,25850.0,25201.0,25725.0,25607.15,10606.0,2703.05
2014-09-03,25600.0,25797.85,25151.05,25590.0,25605.5,12641.0,3224.13
2014-09-04,25578.0,27104.4,25325.05,26720.0,26721.15,21789.0,5786.25
2014-09-05,26730.0,27561.0,26525.0,27250.0,27159.7,18623.0,5023.54
2014-09-08,27170.0,31099.0,27159.7,29565.0,29580.7,70854.0,20467.11
2014-09-09,29735.0,30299.9,29625.0,29954.0,29907.6,32100.0,9626.42
2014-09-10,29897.0,31513.85,29701.0,30941.1,31058.8,47833.0,14786.6
2014-09-11,31200.0,31700.0,31010.0,31103.95,31260.4,33972.0,10650.41
2014-09-12,31001.0,31774.9,31001.0,31200.0,31184.9,20476.0,6434.09
2014-09-15,31133.0,31849.85,31010.05,31500.0,31426.75,18237.0,5748.1
2014-09-16,31570.0,32098.7,30150.0,30350.05,30292.0,32147.0,10066.06
2014-09-17,30695.0,31440.0,30013.0,31300.0,31307.0,31288.0,9634.27
2014-09-18,31101.0,31739.75,31005.0,31551.0,31523.7,18562.0,5831.35
2014-09-19,31570.0,32120.05,31450.0,31725.0,31748.5,16044.0,5109.1
2014-09-22,31599.0,31950.0,31337.0,31570.0,31601.25,11229.0,3558.2
2014-09-23,31660.0,31850.0,30900.0,31050.25,30977.15,14425.0,4526.33
2014-09-24,31012.0,31470.05,30701.0,31436.3,31340.6,11627.0,3620.49
2014-09-25,31261.0,31608.0,30850.0,31000.05,30963.3,12503.0,3893.17
2014-09-26,31050.0,31400.0,29848.0,30800.0,30745.7,18567.0,5668.06
2014-09-29,30800.0,31190.0,30708.25,30920.2,31036.05,8361.0,2586.75
2014-09-30,30950.0,32880.0,30868.55,32747.0,32681.95,37941.0,12230.9
2014-10-01,32650.25,32900.05,31550.0,31600.0,31674.25,18459.0,5962.35
2014-10-07,31798.0,32285.0,31499.65,31999.0,31853.3,15962.0,5106.27
2014-10-08,31830.0,32282.0,31656.0,32185.45,32090.35,10932.0,3503.84
2014-10-09,32220.0,32397.85,31935.05,32000.0,31977.45,6864.0,2203.98
2014-10-10,31950.0,32348.0,31586.0,31652.0,31675.85,9986.0,3196.04
2014-10-13,31540.0,31859.95,31533.2,31601.15,31662.9,6397.0,2028.25
2014-10-14,31899.0,32000.0,31011.1,31160.0,31217.45,9998.0,3163.53
2014-10-16,31209.0,31575.0,30132.75,30270.0,30482.9,12136.0,3775.82
2014-10-17,30301.0,30900.0,30113.0,30280.0,30323.2,6907.0,2100.8
2014-10-20,30933.0,30933.0,30135.0,30151.0,30240.05,5422.0,1646.76
2014-10-21,30266.05,30960.0,30222.0,30630.0,30634.15,12106.0,3710.03
2014-10-22,30840.0,30900.0,30633.95,30680.0,30747.8,4148.0,1276.72
2014-10-23,30988.0,30988.0,30800.1,30920.0,30887.75,1270.0,392.06
2014-10-27,30949.0,31000.0,30610.0,30801.1,30742.5,5710.0,1756.17
2014-10-28,30712.0,31239.9,30674.0,31083.95,31067.25,6874.0,2126.67
2014-10-29,31151.1,31258.0,30922.2,31030.0,31071.45,5193.0,1614.6
2014-10-30,31100.0,31298.0,30775.0,30812.4,30897.2,26326.0,8155.91
2014-10-31,30999.0,31774.0,30952.0,31290.0,31315.65,8708.0,2733.32
2014-11-03,31450.0,32029.95,31320.05,31815.2,31828.25,9882.0,3140.19
2014-11-05,31555.0,32720.0,31555.0,32503.0,32428.8,13324.0,4311.23
2014-11-07,32590.0,32667.0,32101.0,32205.0,32336.3,5103.0,1652.48
2014-11-10,32299.0,32741.0,32203.2,32355.0,32380.85,6451.0,2093.05
2014-11-11,32450.0,32700.0,32245.0,32600.0,32634.55,6156.0,2000.01
2014-11-12,32675.0,33390.0,32145.35,32380.0,32286.1,31378.0,10343.41
2014-11-13,32499.9,32500.0,32050.5,32249.95,32244.75,5315.0,1714.33
2014-11-14,32260.0,32606.4,32215.65,32301.0,32355.25,7441.0,2411.54
2014-11-17,32679.8,32770.0,32210.0,32600.0,32621.2,6337.0,2056.68
2014-11-18,32663.0,33400.0,32440.0,32575.0,32618.0,6945.0,2271.97
2014-11-19,32798.85,33049.8,31666.0,32000.1,32095.8,11759.0,3814.54
2014-11-20,32271.55,32300.0,31700.05,32060.0,32044.9,5399.0,1728.58
2014-11-21,31950.0,32050.0,31600.0,31630.0,31676.05,7480.0,2378.76
2014-11-24,31700.1,32222.05,31700.1,31860.0,31921.7,6207.0,1985.04
2014-11-25,31990.0,32178.9,31520.0,31799.0,31714.25,7214.0,2290.17
2014-11-26,31860.0,33379.95,31725.0,33271.1,32989.7,47448.0,15546.72
2014-11-27,33400.0,33675.0,32880.0,33110.0,33151.2,24604.0,8192.93
2014-11-28,33298.0,33980.0,33200.05,33495.05,33543.7,15032.0,5057.64
2014-12-01,33601.1,33849.95,33470.0,33527.0,33532.75,7839.0,2637.81
2014-12-02,33699.0,34400.0,33450.0,34400.0,34281.45,17395.0,5912.55
2014-12-03,34330.0,37697.0,34225.1,37639.75,37496.0,60690.0,22040.72
2014-12-04,37780.0,39499.0,37250.2,37605.0,37615.25,73538.0,28055.67
2014-12-05,37900.0,38623.05,37719.05,38100.0,38051.9,21190.0,8094.02
2014-12-08,38150.0,38640.0,37400.0,37840.0,37831.65,19849.0,7542.07
2014-12-09,37879.9,38180.0,36418.0,37050.0,37073.25,23160.0,8618.0
2014-12-10,37070.0,37568.0,36798.25,37340.0,37224.2,13632.0,5071.77
2014-12-11,37453.0,38024.95,36535.05,37889.0,37674.8,21434.0,8044.26
2014-12-12,37900.0,38176.0,37399.95,37879.95,37747.4,12657.0,4783.71
2014-12-15,37400.0,38062.7,37369.9,37850.0,37880.15,11312.0,4272.42
2014-12-16,37514.0,37899.0,37025.0,37080.0,37210.95,12109.0,4527.4
2014-12-17,37000.1,37300.0,34565.1,35498.85,35561.25,27540.0,9878.01
2014-12-18,35940.0,37351.0,35653.45,37194.0,37146.2,21610.0,7885.19
2014-12-19,37599.0,38314.0,36700.0,37820.0,37871.15,18894.0,7164.54
2014-12-22,38005.0,38196.95,37223.95,37430.0,37472.65,12180.0,4576.89
2014-12-23,37540.0,37698.0,36820.2,36831.0,36935.65,11739.0,4365.38
2014-12-24,36999.0,37250.0,35786.0,36390.0,36186.45,27999.0,10190.28
2014-12-26,36499.0,37271.35,36210.0,36450.0,36442.95,7358.0,2688.5
2014-12-29,36719.9,38490.0,36501.0,38480.0,38414.45,30912.0,11661.51
2014-12-30,38411.0,38650.0,37800.0,37850.0,37923.8,16378.0,6242.57
2014-12-31,37923.8,38455.1,37531.9,37872.7,37918.55,14571.0,5544.75
2015-01-01,37950.0,38320.0,37848.35,38045.0,37981.35,9595.0,3654.8
2015-01-02,38150.0,38400.0,37981.0,38249.85,38192.25,11099.0,4239.31
2015-01-05,38299.0,39390.0,38000.0,38495.0,38477.3,38178.0,14771.1
2015-01-06,38350.0,38350.0,37350.0,37501.0,37460.0,15734.0,5933.21
2015-01-07,37499.0,37724.95,37011.0,37400.55,37381.05,10795.0,4036.28
2015-01-08,37790.0,38200.0,37712.55,38100.0,38076.5,13462.0,5117.96
2015-01-09,38400.0,38489.5,37500.0,37705.0,37707.25,11069.0,4183.76
2015-01-12,37799.0,38300.0,37611.0,38050.0,38094.45,11590.0,4401.29
2015-01-13,38150.0,38400.0,38002.35,38125.0,38170.1,9242.0,3532.31
2015-01-14,38180.0,38388.0,37925.85,38201.0,38235.35,8681.0,3319.82
2015-01-15,38460.35,38798.0,38011.15,38140.0,38321.4,11451.0,4396.73
2015-01-16,38400.0,39874.05,38140.0,39100.0,39161.75,24081.0,9420.07
2015-01-19,38925.0,39950.0,38925.0,39525.0,39496.1,17565.0,6950.83
2015-01-20,39700.0,39980.0,39400.1,39430.0,39513.2,15524.0,6157.96
2015-01-21,39540.0,39679.95,38800.05,38800.05,38902.65,8900.0,3480.88
2015-01-22,38999.0,39485.55,38959.0,39225.0,39146.55,10228.0,4013.43
2015-01-23,39550.0,39599.0,38420.0,38651.0,38728.15,10573.0,4107.58
2015-01-27,39005.0,40250.0,38801.45,39901.0,39944.6,20521.0,8144.07
2015-01-28,40049.0,40307.0,39501.5,39730.0,39729.55,9457.0,3774.06
2015-01-29,39900.0,40100.0,39599.0,39840.0,39901.5,8400.0,3351.02
2015-01-30,40000.0,40290.0,39651.0,40007.9,40036.9,7726.0,3088.63
2015-02-02,40000.0,40480.0,39900.05,40199.95,40218.25,7555.0,3039.21
2015-02-03,40397.0,41150.0,40253.55,40580.0,40623.4,16966.0,6907.79
2015-02-04,40674.0,40850.0,39700.0,39840.0,40056.3,8193.0,3295.1
2015-02-05,40150.0,40268.0,39650.0,39690.0,39729.1,4235.0,1691.62
2015-02-06,39850.0,39974.0,38500.0,38775.0,38837.4,7886.0,3089.62
2015-02-09,38849.9,38849.9,37111.0,37270.0,37290.1,9430.0,3555.52
2015-02-10,37496.0,38299.0,35520.0,36770.0,36648.95,17124.0,6316.51
2015-02-11,37199.0,38048.0,37000.0,37930.0,37877.25,15305.0,5741.33
2015-02-12,38290.0,41664.95,38000.0,41650.0,40755.25,59601.0,23755.62
2015-02-13,41540.0,41782.0,40250.1,40450.0,40585.5,26119.0,10656.86
2015-02-16,40750.0,41470.0,40566.0,41040.1,40994.65,15540.0,6379.3
2015-02-18,41199.0,41700.0,40670.35,41339.0,41445.95,10466.0,4325.21
2015-02-19,41687.0,41687.0,40330.0,41100.0,41119.0,9764.0,3995.58
2015-02-20,41349.0,41349.0,40638.65,40777.0,40945.75,7555.0,3094.13
2015-02-23,40949.0,41158.0,40420.0,40462.2,40550.75,5923.0,2414.55
2015-02-24,40640.0,41180.0,40488.9,40850.0,40874.7,6536.0,2671.13
2015-02-25,40800.0,41130.1,40710.65,40900.05,40912.3,7821.0,3199.33
2015-02-26,40950.0,40998.0,39551.2,40007.95,39833.8,18102.0,7251.73
2015-02-27,40048.0,41450.0,40000.0,41130.0,41200.75,13165.0,5386.87
2015-02-28,41400.0,41440.0,40011.25,41250.0,41200.35,8888.0,3634.84
2015-03-02,41305.0,42474.9,40787.05,42320.0,42286.2,17509.0,7312.35
2015-03-03,42300.0,42365.85,41750.6,41872.1,41975.2,10024.0,4210.97
2015-03-04,41474.9,42149.0,41160.0,41301.0,41323.9,9595.0,3991.89
2015-03-05,41448.0,41940.0,41204.35,41606.0,41634.2,7062.0,2939.16
2015-03-09,41500.0,41500.0,40912.35,41100.0,41065.35,4418.0,1816.61
2015-03-10,41423.95,41547.7,41149.05,41301.0,41262.25,7050.0,2911.66
2015-03-11,41350.0,41924.0,41201.8,41557.6,41451.75,6071.0,2523.54
2015-03-12,41550.0,41850.0,41429.0,41651.0,41651.25,6049.0,2519.19
2015-03-13,41784.0,41840.0,40100.0,40120.2,40241.45,10038.0,4081.64
2015-03-16,40300.0,40499.35,39698.1,40150.0,40160.95,10671.0,4270.48
2015-03-17,40299.0,40700.0,40003.0,40375.0,40459.7,5397.0,2182.15
2015-03-18,40695.0,40763.95,40313.0,40530.0,40555.1,4375.0,1774.01
2015-03-19,41178.6,41178.6,40150.0,40215.0,40298.3,6393.0,2603.39
2015-03-20,40400.0,40594.75,39697.05,39910.0,39891.05,5935.0,2372.89
2015-03-23,40000.0,40196.15,38065.05,38451.0,38471.9,10310.0,4026.4
2015-03-24,38510.0,38999.0,37586.9,37641.0,37714.0,9230.0,3519.93
2015-03-25,38010.0,38010.0,37350.0,37650.0,37610.95,12640.0,4743.48
2015-03-26,37400.0,37549.0,37003.3,37350.0,37150.5,10750.0,4010.56
2015-03-27,38000.0,38000.0,36908.3,37725.0,37661.9,7681.0,2874.94
2015-03-30,37965.0,39134.9,37850.0,38800.0,38829.6,8712.0,3355.86
2015-03-31,38999.0,39450.0,38551.5,38589.75,38750.65,9714.0,3788.13
2015-04-01,38850.0,39660.4,38405.3,39485.7,39557.0,7711.0,3025.61
2015-04-06,39986.0,40080.0,39516.1,39805.0,39891.35,4780.0,1902.67
2015-04-07,39850.0,40753.7,39547.3,40500.0,40612.2,9166.0,3693.23
2015-04-08,40924.0,41093.0,40550.0,40731.0,40865.15,7299.0,2979.95
2015-04-09,40940.0,41109.9,40500.05,40835.0,40831.25,6553.0,2675.66
2015-04-10,40900.0,41450.0,40450.15,41270.05,41326.9,8441.0,3474.35
2015-04-13,41499.0,41990.0,41300.0,41780.0,41856.1,8456.0,3529.22
2015-04-15,41950.0,41979.95,41405.05,41500.0,41561.05,4894.0,2042.96
2015-04-16,41501.0,41740.0,41009.65,41500.0,41559.55,5894.0,2440.47
2015-04-17,41684.25,41884.6,40700.05,41040.0,41014.45,6622.0,2738.79
2015-04-20,41390.0,41390.0,39753.05,39950.0,39911.55,8571.0,3460.1
2015-04-21,40000.0,40332.95,38925.1,39068.4,39068.4,10453.0,4123.78
2015-04-22,39389.0,39499.0,38201.5,38644.05,38739.9,13941.0,5399.43
2015-04-23,38980.0,40609.0,38950.5,40136.0,40014.25,49516.0,19756.25
2015-04-24,40255.0,40388.0,38701.05,38715.0,38944.55,20820.0,8178.0
2015-04-27,38900.0,39199.9,37000.0,37001.0,37148.25,13346.0,5014.63
2015-04-28,37185.55,38049.95,36675.05,37000.0,37315.15,18750.0,6983.6
2015-04-29,37350.0,37625.0,36880.0,36880.0,37025.6,9515.0,3544.83
2015-04-30,36924.0,37089.0,36402.15,36859.9,36664.15,16100.0,5906.87
2015-05-04,37000.0,37950.0,36801.0,37799.0,37813.3,11178.0,4192.73
2015-05-05,37813.0,38098.9,37640.45,37850.0,37881.8,4729.0,1792.46
2015-05-06,37690.0,37850.0,36160.9,36250.0,36345.7,10909.0,4013.28
2015-05-07,36299.85,36300.05,34702.0,34800.0,35003.1,18142.0,6378.64
2015-05-08,35288.0,36150.0,35286.95,35800.0,35902.45,7340.0,2628.08
2015-05-11,36102.0,36873.45,36011.15,36700.0,36715.5,8453.0,3086.61
2015-05-12,36705.0,36848.95,35205.55,35239.0,35402.65,7855.0,2799.29
2015-05-13,35550.0,36330.0,35261.0,36110.0,36140.55,11067.0,3979.05
2015-05-14,36589.0,36589.0,35400.0,36370.0,36452.25,8303.0,2997.28
2015-05-15,36687.0,36800.0,36300.0,36400.15,36513.55,5527.0,2022.76
2015-05-18,36450.0,37350.0,36450.0,37150.0,37187.25,10926.0,4044.76
2015-05-19,37100.0,37277.55,36001.1,36130.05,36219.7,11900.0,4366.16
2015-05-20,36351.0,36534.95,35656.0,35800.05,35922.0,10331.0,3730.37
2015-05-21,36090.0,36270.0,35645.0,35750.0,35762.85,6130.0,2202.09
2015-05-22,35991.0,36001.0,35580.05,35699.95,35675.5,5129.0,1838.92
2015-05-25,35675.0,36100.0,35500.0,35619.9,35572.25,6353.0,2267.95
2015-05-26,35800.0,35980.0,35501.0,35511.0,35559.1,4581.0,1633.96
2015-05-27,35590.0,35946.95,35118.35,35800.0,35740.95,7335.0,2607.27
2015-05-28,35750.0,36000.0,35280.0,35331.0,35381.7,6443.0,2287.48
2015-05-29,35310.0,36002.0,35310.0,35870.1,35874.3,7513.0,2691.72
2015-06-01,36200.0,36380.0,35860.5,35990.0,36029.3,5403.0,1952.52
2015-06-02,36150.0,36199.0,34343.0,34552.5,34613.3,9303.0,3279.87
2015-06-03,34799.0,34989.0,33879.95,34850.0,34748.9,8633.0,2976.1
2015-06-04,34899.0,34999.9,34000.0,34500.0,34706.75,7349.0,2539.05
2015-06-05,34500.0,34785.95,34200.0,34201.05,34353.4,3942.0,1359.22
2015-06-08,34353.4,34399.0,33761.0,33800.0,33832.35,4927.0,1673.72
2015-06-09,33715.0,34059.0,32502.0,32700.0,32765.3,10185.0,3371.0
2015-06-10,33000.0,33475.15,32900.0,33200.0,33285.15,9217.0,3065.45
2015-06-11,33535.0,33750.0,31680.0,31810.0,31856.4,14726.0,4761.03
2015-06-12,31995.0,32149.9,31360.0,31950.0,31878.05,8506.0,2705.53
2015-06-15,31910.1,32490.3,31502.05,32110.05,32219.15,7449.0,2397.05
2015-06-16,32200.0,32490.0,31901.0,32489.0,32401.25,5565.0,1791.77
2015-06-17,32446.55,33534.95,32446.55,32947.0,33032.55,14035.0,4639.72
2015-06-18,33150.0,33350.0,32810.0,32847.6,33006.35,4861.0,1610.46
2015-06-19,33000.05,33673.4,33000.05,33100.0,33225.35,5975.0,1994.07
2015-06-22,33300.0,33950.0,32900.0,33860.0,33811.5,9398.0,3152.92
2015-06-23,33850.0,34440.0,33814.0,34365.0,34227.45,12198.0,4157.57
2015-06-24,34227.0,34549.0,33565.15,33625.0,33807.5,5743.0,1956.57
2015-06-25,33600.5,34030.0,33500.0,33697.95,33760.35,9508.0,3213.64
2015-06-26,33780.0,33970.0,33500.0,33789.0,33742.65,6292.0,2121.33
2015-06-29,33300.0,33500.0,32600.95,33200.0,33229.45,7182.0,2370.75
2015-06-30,33000.0,34400.05,32920.25,34195.0,34230.85,8837.0,2986.11
2015-07-01,34199.0,35170.0,34031.15,34800.0,34756.35,13239.0,4604.01
2015-07-02,34850.0,35235.0,34693.85,34740.0,34807.9,9762.0,3410.58
2015-07-03,35000.0,35198.0,34660.05,34725.05,34860.8,5847.0,2042.13
2015-07-06,34000.0,34939.95,33787.45,34870.0,34837.6,6105.0,2108.94
2015-07-07,35000.0,35500.65,34837.0,35050.0,35102.2,10000.0,3526.03
2015-07-08,35100.0,35350.0,34699.95,34950.0,34928.05,7929.0,2774.79
2015-07-09,34999.0,35500.0,34999.0,35130.0,35166.3,6615.0,2333.75
2015-07-10,35299.0,35600.0,35080.95,35349.0,35199.85,4546.0,1604.25
2015-07-13,35400.0,35790.0,34851.3,35584.1,35714.5,10799.0,3825.22
2015-07-14,35948.85,35948.85,35350.0,35400.0,35486.1,5496.0,1953.6
2015-07-15,35600.0,35888.0,35520.0,35798.0,35646.8,6461.0,2308.87
2015-07-16,35900.0,36268.0,35600.0,36180.0,36101.3,7772.0,2803.13
2015-07-17,36199.0,36399.0,36110.0,36389.0,36217.7,8249.0,2992.87
2015-07-20,36370.0,36750.0,36206.1,36721.0,36598.5,6498.0,2367.64
2015-07-21,36580.0,36845.0,36011.25,36031.0,36154.85,8268.0,3022.02
2015-07-22,36299.85,36546.95,36200.0,36424.0,36358.45,6335.0,2304.2
2015-07-23,36524.95,38299.95,36524.95,38215.0,38094.25,19862.0,7502.15
2015-07-24,38155.3,39199.95,38155.3,38600.0,38531.55,22726.0,8794.24
2015-07-27,38700.0,40100.0,38001.0,39115.0,38986.1,66489.0,26088.75
2015-07-28,39387.0,39570.9,38911.05,39229.9,39286.1,14637.0,5758.07
2015-07-29,39445.0,39800.0,39301.0,39500.0,39504.85,10506.0,4151.57
2015-07-30,39777.0,39809.95,39256.0,39499.0,39402.7,7533.0,2982.32
2015-07-31,39550.0,41179.95,39240.0,40890.0,40839.25,16848.0,6777.34
2015-08-03,41399.95,42750.0,40910.0,42600.0,42554.7,29745.0,12471.7
2015-08-04,42699.0,46079.95,42500.0,45425.1,45699.9,51033.0,22644.85
2015-08-05,45699.9,46399.0,44952.0,45205.0,45384.65,31505.0,14399.78
2015-08-06,45384.0,45444.0,44590.0,44852.25,44764.75,13216.0,5946.23
2015-08-07,44801.0,45499.0,44621.05,44860.0,44922.4,18023.0,8118.27
2015-08-10,44901.0,45325.6,44250.0,44310.0,44510.75,9673.0,4344.41
2015-08-11,44420.0,44600.0,41250.0,42532.15,42540.95,23911.0,10219.77
2015-08-12,42000.0,42290.0,41301.0,41530.0,41518.95,17464.0,7295.15
2015-08-13,41690.0,42640.4,41591.95,41910.1,41854.25,13040.0,5491.93
2015-08-14,42088.0,42920.0,42030.0,42700.0,42567.65,13375.0,5693.82
2015-08-17,42600.0,43189.05,42200.0,42575.0,42597.45,9371.0,4007.09
2015-08-18,42942.9,44398.0,42671.1,44265.0,44138.1,13425.0,5837.33
2015-08-19,44266.0,44500.0,43651.1,44000.0,44053.8,13203.0,5823.38
2015-08-20,44074.0,44671.55,43210.0,43380.0,43446.25,12185.0,5358.24
2015-08-21,43200.0,43603.05,41800.0,43255.05,43388.6,13184.0,5623.08
2015-08-24,42700.0,42700.0,38000.2,39199.0,38788.95,24954.0,10029.89
2015-08-25,39880.0,40250.0,36679.05,39800.0,39882.8,30120.0,11662.82
2015-08-26,39900.0,40549.7,38822.6,40200.0,40069.75,24497.0,9807.78
2015-08-27,40500.0,41500.0,40500.0,40900.0,40907.85,17189.0,7047.06
2015-08-28,41550.0,41749.9,40699.0,41100.0,41007.6,16890.0,6959.82
2015-08-31,41007.6,41449.0,39888.0,40699.0,40392.2,7629.0,3108.17
2015-09-01,40199.0,40237.75,39020.2,39700.0,39684.5,18614.0,7392.18
2015-09-02,39858.0,40544.3,39656.05,40000.0,40263.35,12230.0,4908.51
2015-09-03,40325.0,40769.95,40150.0,40300.75,40258.75,9436.0,3818.67
2015-09-04,40050.0,40051.0,38450.0,38450.0,38678.1,17021.0,6634.55
2015-09-07,38680.0,38927.6,37768.0,37826.05,38005.2,7879.0,3017.07
2015-09-08,38000.0,39547.5,37689.3,39430.0,39328.6,11752.0,4536.91
2015-09-09,39560.0,40178.35,39220.0,39235.05,39526.65,7510.0,2991.25
2015-09-10,38731.0,40800.0,38501.05,40799.0,40614.0,16595.0,6603.3
2015-09-11,40800.0,41546.65,40001.05,40100.0,40536.2,9765.0,4000.94
2015-09-14,40540.45,41000.0,40152.4,40605.0,40815.6,6425.0,2617.54
2015-09-15,40650.0,41199.0,39849.9,40240.0,40008.3,10425.0,4199.89
2015-09-16,40261.0,40520.0,39500.0,39875.0,39873.45,12667.0,5054.16
2015-09-18,40187.0,40500.0,40017.6,40360.0,40166.5,9294.0,3740.85
2015-09-21,40299.0,41580.0,39810.0,41340.0,41418.75,16371.0,6705.32
2015-09-22,41420.0,41799.0,40866.0,40950.0,41442.55,21202.0,8779.38
2015-09-23,40759.0,41228.4,40520.1,40925.0,40935.45,6388.0,2614.26
2015-09-24,40999.9,41544.0,40872.8,41512.15,41262.2,7713.0,3182.37
2015-09-28,41600.0,41990.0,41009.45,41050.0,41242.95,6615.0,2743.0
2015-09-29,40700.0,42068.0,40700.0,41509.95,41574.05,7602.0,3151.86
2015-09-30,41998.0,42185.0,41651.0,41651.0,41935.95,6592.0,2762.49
2015-10-01,42000.0,42225.0,41400.15,41460.0,41629.85,5417.0,2260.62
2015-10-05,41724.9,43562.0,41618.0,43000.0,42877.75,14409.0,6150.11
2015-10-06,43100.05,43500.0,42455.6,42549.95,42549.65,10762.0,4622.64
2015-10-07,42550.0,42969.95,42400.0,42521.5,42587.8,5104.0,2177.39
2015-10-08,42650.0,42830.0,41580.05,41801.9,41895.9,9062.0,3800.8
2015-10-09,41930.05,42590.0,41220.0,41281.25,41373.8,9340.0,3890.64
2015-10-12,41410.0,41575.0,40797.9,41011.0,41104.65,9874.0,4069.6
2015-10-13,41397.6,41464.0,40949.95,41150.0,41180.5,5714.0,2353.23
2015-10-14,41279.95,41480.0,41050.0,41210.05,41254.75,4728.0,1952.0
2015-10-15,41300.0,42147.0,41300.0,42125.0,41848.9,5489.0,2286.64
2015-10-16,41951.0,42330.0,41720.2,41899.0,41825.1,5778.0,2425.12
2015-10-19,42060.0,42060.0,41666.1,41987.0,41914.8,4304.0,1803.49
2015-10-20,42070.0,42587.95,41900.0,42300.0,42172.9,5936.0,2507.38
2015-10-21,42026.6,42379.0,42026.6,42350.0,42225.85,4672.0,1972.87
2015-10-23,42302.0,42898.0,42302.0,42710.0,42631.1,5706.0,2430.37
2015-10-26,42700.0,42887.7,42063.0,42200.0,42237.2,6702.0,2841.97
2015-10-27,42070.0,42240.05,41500.0,41600.0,41578.4,8802.0,3672.39
2015-10-28,41300.0,41990.0,41105.1,41300.0,41248.05,5291.0,2193.43
2015-10-29,41370.0,42244.95,40501.0,40670.0,40659.85,54271.0,22312.73
2015-10-30,40675.0,41047.5,39510.0,39690.0,39751.4,13081.0,5263.67
2015-11-02,39888.0,39888.0,39111.0,39355.0,39358.8,7442.0,2928.15
2015-11-03,39744.0,40200.0,39510.0,39536.45,39731.6,5738.0,2282.7
2015-11-04,40050.0,40050.0,38900.5,39020.0,39019.85,8203.0,3225.26
2015-11-05,39174.0,39174.0,38340.0,38580.0,38556.4,6625.0,2559.38
2015-11-06,38355.0,38888.0,38200.0,38699.0,38512.35,13957.0,5390.18
2015-11-09,38000.0,39339.95,37734.7,39142.8,38966.7,5265.0,2035.57
2015-11-10,39000.0,39197.95,38020.0,38086.05,38102.85,4756.0,1827.5
2015-11-11,38400.0,38698.0,38100.0,38105.0,38222.65,1019.0,390.84
2015-11-13,38000.0,38500.0,37777.1,38499.0,38377.95,5892.0,2247.3
2015-11-16,38416.5,38599.95,37800.0,38005.95,38017.75,6267.0,2382.38
2015-11-17,38240.0,39949.0,38134.45,39460.0,39530.05,11203.0,4392.35
2015-11-18,39539.0,39881.45,38800.05,38950.0,38932.1,7357.0,2886.44
2015-11-19,39147.0,39599.0,39100.0,39300.0,39333.05,4342.0,1708.97
2015-11-20,39349.85,39549.0,39000.0,39500.0,39381.9,3635.0,1429.51
2015-11-23,39101.0,39690.0,39073.4,39104.1,39174.4,2475.0,973.83
2015-11-24,39100.0,39459.75,38852.0,38975.2,38953.6,3021.0,1183.74
2015-11-26,39200.0,39299.9,38491.25,38851.35,38664.7,26495.0,10278.99
2015-11-27,38860.5,39740.0,38860.5,39470.0,39430.75,7565.0,2980.93
2015-11-30,39333.0,39642.75,38810.0,38850.0,38866.1,5873.0,2297.07
2015-12-01,39090.0,39479.45,38600.0,39189.0,39237.4,4465.0,1744.09
2015-12-02,39338.0,39800.05,39113.05,39145.0,39281.8,3409.0,1346.08
2015-12-03,39100.0,39319.65,39000.0,39211.05,39151.3,2946.0,1152.71
2015-12-04,39149.0,39775.0,38919.15,39617.0,39630.8,6412.0,2526.26
2015-12-07,39602.5,39725.0,39105.0,39220.0,39171.15,3059.0,1202.38
2015-12-08,39052.15,39687.0,39052.15,39205.0,39215.05,2503.0,986.43
2015-12-09,39205.0,39342.35,38832.0,39020.0,39045.6,4418.0,1724.91
2015-12-10,39045.0,39575.0,39014.0,39500.0,39443.0,2852.0,1120.82
2015-12-11,39302.0,39985.0,39154.5,39400.0,39414.4,5430.0,2151.51
2015-12-14,39100.0,39400.0,38178.05,38723.55,38602.65,6606.0,2564.64
2015-12-15,38941.95,38999.9,38600.0,38850.0,38790.6,2466.0,956.26
2015-12-16,38880.0,39226.1,38613.4,38735.0,38732.6,3405.0,1322.42
2015-12-17,38840.0,39299.0,38702.25,39250.0,39143.95,3322.0,1296.99
2015-12-18,39140.0,39399.9,38960.3,39199.0,39162.95,4519.0,1768.57
2015-12-21,38987.0,39328.45,38987.0,39293.85,39213.0,1704.0,668.53
2015-12-22,39213.0,39705.4,39101.0,39210.0,39175.3,3321.0,1308.28
2015-12-23,39200.0,39599.9,39200.0,39292.0,39287.85,1729.0,680.57
2015-12-24,39107.0,39650.0,39107.0,39585.0,39539.6,2232.0,880.16
2015-12-28,39585.0,39986.0,39585.0,39675.0,39659.75,3026.0,1201.27
2015-12-29,39700.0,39961.25,39656.05,39800.0,39784.9,2639.0,1050.31
2015-12-30,39799.95,39932.0,39681.25,39820.05,39792.35,2992.0,1191.13
2015-12-31,39941.0,40058.75,39403.05,40032.0,39877.5,4678.0,1857.16
2016-01-01,40092.35,41424.65,39877.1,40598.0,40552.15,6316.0,2570.28
2016-01-04,40400.0,40748.0,40248.65,40599.95,40505.85,2921.0,1182.66
2016-01-05,40600.0,40688.0,40321.8,40600.0,40593.25,1951.0,790.36
2016-01-06,40643.0,41200.05,40297.6,40300.0,40419.2,4594.0,1869.52
2016-01-07,40249.0,40249.0,39001.0,39050.0,39066.25,4983.0,1963.11
2016-01-08,39155.0,39470.85,38510.05,38601.0,38638.55,4941.0,1923.18
2016-01-11,38580.0,39154.5,38066.0,38998.0,38978.65,2933.0,1135.73
2016-01-12,39041.0,39233.55,38700.0,38905.0,38875.95,2333.0,909.83
2016-01-13,39007.0,39181.75,37850.5,38400.0,38443.75,4089.0,1576.06
2016-01-14,38349.0,38531.05,37890.2,38290.0,38179.1,1903.0,727.46
2016-01-15,38300.0,38480.0,37500.0,37500.0,37688.05,2835.0,1077.24
2016-01-18,37311.0,37950.0,36000.0,36060.0,36193.2,4059.0,1487.24
2016-01-19,36225.0,36800.0,35540.0,36325.0,36362.0,3452.0,1249.51
2016-01-20,36180.0,36180.0,34620.0,35250.0,35040.25,7301.0,2567.45
2016-01-21,35670.0,35679.95,34500.05,35070.0,34909.1,4251.0,1487.31
2016-01-22,35150.65,36450.0,35150.65,36300.0,36236.3,4704.0,1686.57
2016-01-25,36600.0,38198.95,35516.35,36700.0,36125.05,28052.0,10280.24
2016-01-27,36270.0,36300.0,35650.0,35800.0,35761.05,6205.0,2225.39
2016-01-28,36080.0,36080.0,35402.0,35460.0,35732.95,10884.0,3887.98
2016-01-29,35700.0,35990.5,35300.0,35675.1,35626.25,7688.0,2739.96
2016-02-01,35700.0,36100.0,34015.3,34281.0,34313.05,7872.0,2736.69
2016-02-02,34100.0,35095.0,34000.1,34400.1,34618.75,7620.0,2644.74
2016-02-03,34300.0,34479.4,34002.0,34150.0,34201.25,5986.0,2048.38
2016-02-04,34540.0,34798.9,33475.05,33700.0,33725.4,6707.0,2268.58
2016-02-05,33750.25,34350.0,33456.1,34150.05,34180.35,4040.0,1368.14
2016-02-08,34180.35,34750.0,33785.05,33909.75,34140.15,4057.0,1391.41
2016-02-09,33900.0,34100.0,33600.0,33680.0,33656.1,2474.0,835.98
2016-02-10,34000.0,34500.7,33200.0,33827.2,33825.35,12515.0,4247.55
2016-02-11,33501.1,34100.0,31802.05,32500.0,32304.9,9773.0,3216.14
2016-02-12,33199.95,33199.95,31183.2,31740.0,31811.85,7938.0,2525.29
2016-02-15,32299.0,33499.4,32299.0,33300.0,33317.65,5158.0,1702.85
2016-02-16,33843.0,33843.05,33066.0,33100.0,33227.55,5308.0,1770.19
2016-02-17,33499.0,33597.45,32601.0,33420.0,33342.3,5692.0,1880.12
2016-02-18,33600.0,33788.7,33120.2,33449.0,33435.05,3963.0,1327.99
2016-02-19,33100.0,33810.0,33010.0,33800.0,33602.0,2935.0,980.65
2016-02-22,33600.0,34087.45,33425.4,33630.05,33729.9,2621.0,886.08
2016-02-23,33729.0,34070.0,33464.6,33601.0,33589.0,3566.0,1199.55
2016-02-24,33400.05,33790.0,32515.05,32900.0,32764.4,5353.0,1763.03
2016-02-25,33074.85,33074.85,31834.3,31919.0,31977.7,4969.0,1604.93
2016-02-26,32444.0,32574.5,32100.0,32400.0,32371.5,2198.0,711.18
2016-02-29,32597.0,32787.45,31800.0,32605.0,32547.05,5158.0,1671.97
2016-03-01,33200.0,34171.2,32214.0,33999.95,33854.9,4387.0,1467.42
2016-03-02,34200.0,35199.9,33899.95,34000.0,34063.85,8744.0,3021.82
2016-03-03,34600.0,34600.0,33912.0,34060.0,34066.05,4991.0,1700.48
2016-03-04,34290.0,34420.0,33624.0,34230.05,34226.7,3728.0,1272.31
2016-03-08,34500.0,34575.0,34000.0,34400.0,34455.85,4297.0,1478.79
2016-03-09,34640.0,34640.0,34090.95,34361.0,34405.4,3377.0,1158.94
2016-03-10,34600.05,34600.1,34210.0,34549.0,34415.65,3388.0,1164.34
2016-03-11,34567.0,34798.95,33949.95,34700.0,34499.8,4655.0,1600.4
2016-03-14,34600.0,34760.0,34334.2,34550.0,34601.75,2592.0,896.56
2016-03-15,34600.0,34607.6,33910.0,34100.0,34356.45,6398.0,2193.19
2016-03-16,34300.0,34360.0,33351.1,33430.0,33454.35,7147.0,2406.17
2016-03-17,33990.0,34100.05,33500.0,33960.0,33936.75,4815.0,1631.55
2016-03-18,33900.0,34799.0,33900.0,34749.65,34716.9,7987.0,2754.44
2016-03-21,34799.0,35030.05,34501.25,34784.0,34747.35,4300.0,1495.18
2016-03-22,34654.0,35298.95,34450.0,34810.1,34810.1,6170.0,2151.33
2016-03-23,34810.0,35543.95,34600.0,35352.0,35340.45,8465.0,2974.64
2016-03-28,35350.2,36425.0,35230.1,35899.95,36159.8,8607.0,3085.55
2016-03-29,36149.85,37110.05,35750.0,36799.0,36915.5,8080.0,2949.26
2016-03-30,36990.0,38200.1,36720.05,37700.15,37912.0,9671.0,3625.63
2016-03-31,38044.0,39000.0,37859.95,38251.0,38296.75,14028.0,5400.12
2016-04-01,38249.95,38249.95,37110.1,37210.0,37255.05,5483.0,2063.6
2016-04-04,37700.0,37700.0,36730.0,36890.0,36844.65,4163.0,1540.83
2016-04-05,36800.0,37209.15,35502.0,35540.0,35742.15,7376.0,2681.43
2016-04-06,35799.9,36600.0,35799.9,36175.0,36174.65,5803.0,2104.29
2016-04-07,36300.0,36532.0,35600.0,35624.65,35791.05,3568.0,1287.25
2016-04-08,35707.45,36089.9,35313.8,35400.0,35468.25,5444.0,1939.51
2016-04-11,35500.1,35990.0,35136.9,35870.0,35800.7,4798.0,1708.71
2016-04-12,35870.0,36649.95,35870.0,36200.0,36269.75,9784.0,3541.38
2016-04-13,36974.0,37000.0,36301.0,36410.0,36595.8,11221.0,4120.86
2016-04-18,36300.0,36928.0,36141.0,36740.0,36740.0,4193.0,1536.67
2016-04-20,36850.0,37198.0,36700.0,36730.0,36816.25,4642.0,1712.46
2016-04-21,36940.0,37018.95,35800.0,35898.4,36012.8,5223.0,1907.46
2016-04-22,36000.0,36099.0,35414.05,35600.0,35541.95,5823.0,2078.34
2016-04-25,35500.0,35809.2,35150.0,35350.0,35404.9,6137.0,2169.55
2016-04-26,35500.0,35944.0,35400.0,35700.0,35721.05,3045.0,1085.96
2016-04-27,35721.0,35846.95,34630.0,34861.0,34786.25,8962.0,3141.74
2016-04-28,34990.0,35135.0,34000.05,34035.0,34113.1,11105.0,3825.21
2016-04-29,34350.0,34350.0,33555.45,33750.0,33787.75,10273.0,3479.46
2016-05-02,33755.0,34750.0,33750.0,34147.05,34187.0,8833.0,3031.57
2016-05-03,34500.0,34944.35,33201.0,33226.05,33434.9,31798.0,10813.74
2016-05-04,33450.0,34095.6,33300.0,33620.05,33715.05,9253.0,3115.64
2016-05-05,33929.9,33972.15,33650.0,33736.05,33835.9,3695.0,1250.15
2016-05-06,33880.0,33880.0,33400.0,33720.0,33742.05,3867.0,1302.56
2016-05-09,33701.2,33989.95,33600.1,33650.0,33687.1,5052.0,1707.8
2016-05-10,33787.0,33844.0,33215.0,33315.05,33333.4,7771.0,2594.48
2016-05-11,33290.0,33296.55,32669.0,32799.95,32848.15,8083.0,2668.84
2016-05-12,32805.0,33390.0,32600.05,33229.95,33297.4,9344.0,3090.65
2016-05-13,33297.0,33500.0,32850.0,32880.0,32907.05,3899.0,1290.23
2016-05-16,33000.0,33156.1,32610.0,32965.0,33031.0,5103.0,1680.57
2016-05-17,33033.3,33229.95,32739.35,32900.0,32810.2,3289.0,1083.86
2016-05-18,32820.0,33100.0,32655.0,32817.2,32874.4,5231.0,1718.65
2016-05-19,32800.0,32930.7,32400.0,32401.0,32579.2,4674.0,1527.78
2016-05-20,32579.2,32699.0,31928.0,32027.0,32005.8,5332.0,1719.69
2016-05-23,32205.0,32354.95,31720.0,31740.0,31783.8,5300.0,1695.62
2016-05-24,31790.0,31850.0,31002.0,31002.0,31164.45,10561.0,3301.94
2016-05-25,31400.0,32070.0,31200.0,31929.95,31965.4,6196.0,1962.72
2016-05-26,32000.0,32888.0,31913.55,32880.0,32553.05,8835.0,2861.59
2016-05-27,32700.0,33725.0,32652.05,33430.0,33542.2,7921.0,2647.91
2016-05-30,33719.0,33840.0,33222.1,33500.0,33447.9,2884.0,965.91
2016-05-31,33575.85,33999.9,33301.1,33400.25,33774.45,5849.0,1966.88
2016-06-01,33700.0,33879.0,33200.0,33200.0,33341.95,2861.0,959.6
2016-06-02,33305.0,33593.0,33101.0,33400.0,33425.6,3930.0,1311.01
2016-06-03,33679.9,33679.9,33290.0,33295.0,33427.65,3984.0,1333.97
2016-06-06,33500.0,33551.5,33150.0,33229.05,33262.4,1426.0,475.83
2016-06-07,33400.0,33456.7,32790.0,33000.0,33013.5,3400.0,1128.37
2016-06-08,33319.9,33319.9,32523.0,32600.0,32612.25,5160.0,1694.89
2016-06-09,32700.0,32799.95,32500.0,32525.0,32546.45,2255.0,735.44
2016-06-10,32550.0,32640.0,32085.0,32275.0,32197.05,4481.0,1449.5
2016-06-13,32000.0,32192.95,31901.65,31980.0,31982.65,3867.0,1238.48
2016-06-14,32000.0,32300.0,31890.0,31920.0,31923.2,3641.0,1164.84
2016-06-15,31985.0,32200.0,31550.55,31653.05,31663.65,5612.0,1785.71
2016-06-16,31750.0,31825.0,31517.0,31560.0,31595.2,5178.0,1638.74
2016-06-17,31750.0,31848.0,31251.05,31330.05,31332.25,5243.0,1650.66
2016-06-20,31330.0,32350.0,31021.0,32215.0,32246.95,9127.0,2903.03
2016-06-21,32378.0,32424.0,31702.0,31789.95,31844.9,3800.0,1217.27
2016-06-22,31874.75,32150.95,31500.0,31690.0,31718.75,4146.0,1317.93
2016-06-23,31740.0,31844.9,31500.0,31700.5,31676.9,4284.0,1354.56
2016-06-24,31499.0,31500.0,30101.0,31250.0,31317.25,5841.0,1815.87
2016-06-27,31340.0,31977.95,31144.2,31945.65,31870.95,2856.0,905.66
2016-06-28,32200.0,33150.0,31900.0,32820.05,32941.9,8766.0,2858.12
2016-06-29,33298.0,33673.55,32900.0,33400.0,33519.2,15103.0,5025.84
2016-06-30,33740.0,33740.0,32850.95,32905.1,33077.65,15793.0,5243.12
2016-07-01,33077.65,33900.0,33050.0,33600.0,33656.65,7303.0,2454.12
2016-07-04,33699.0,35229.0,33699.0,35225.0,35146.6,15055.0,5231.15
2016-07-05,35000.1,35199.9,34501.0,34800.0,34746.2,10171.0,3540.94
2016-07-07,34944.9,35400.0,34826.4,35400.0,35231.25,7606.0,2677.31
2016-07-08,35231.0,35470.0,35000.0,35201.0,35391.1,6312.0,2228.02
2016-07-11,35502.7,35840.05,35190.9,35280.0,35292.75,4305.0,1527.21
2016-07-12,35350.0,35680.0,35174.0,35174.0,35238.25,5404.0,1914.99
2016-07-13,35370.0,35499.95,34300.0,34399.0,34490.05,7764.0,2689.86
2016-07-14,34510.0,34990.0,34092.5,34570.0,34567.3,5128.0,1775.52
2016-07-15,34650.0,34828.0,34140.0,34200.0,34221.85,3995.0,1372.88
2016-07-18,34350.0,34700.0,34154.25,34600.0,34599.15,8115.0,2801.62
2016-07-19,34599.0,34940.0,34352.05,34900.0,34829.5,3656.0,1270.42
2016-07-20,35000.0,35374.8,34810.05,35306.0,35317.55,3785.0,1334.07
2016-07-21,35317.55,35425.0,34111.0,34350.0,34389.3,5538.0,1918.73
2016-07-22,34689.8,34689.8,34052.05,34250.0,34153.6,5259.0,1803.52
2016-07-25,34425.0,35084.1,34220.05,34859.0,34668.05,6166.0,2140.35
2016-07-26,34898.9,34923.9,33628.0,33790.0,33862.5,4821.0,1653.52
2016-07-27,33990.0,34400.0,33738.95,34099.0,34026.1,4308.0,1465.76
2016-07-28,34250.0,34422.25,33900.0,33920.0,34053.9,3769.0,1287.93
2016-07-29,34088.1,34088.1,33700.0,33805.1,33844.15,4274.0,1446.3
2016-08-01,33960.0,34449.0,33650.0,33751.0,33799.15,9334.0,3163.61
2016-08-02,33751.0,34189.25,33750.95,33990.0,33922.45,9366.0,3178.47
2016-08-03,34001.0,34935.0,33760.0,34701.0,34605.85,10148.0,3503.22
2016-08-04,34935.0,35560.0,34550.05,35560.0,35315.4,8309.0,2916.95
2016-08-05,35325.5,37490.0,35325.5,37077.0,37068.2,28926.0,10655.18
2016-08-08,37340.0,37540.0,36921.45,37050.0,37092.45,8740.0,3256.11
2016-08-09,37092.45,37250.0,36001.0,36801.0,36902.45,8284.0,3047.67
2016-08-10,37000.0,37099.95,36001.05,36306.05,36716.85,9823.0,3583.02
2016-08-11,36410.0,37300.0,36000.0,36000.0,36660.75,14507.0,5346.67
2016-08-12,36210.0,36871.85,35999.7,36099.9,36129.25,7954.0,2890.81
2016-08-16,36000.0,36490.5,36000.0,36150.0,36126.3,4491.0,1627.69
2016-08-17,36015.0,36907.5,36015.0,36480.0,36525.05,5045.0,1843.68
2016-08-18,36526.75,36827.95,36306.0,36582.2,36553.95,6253.0,2289.62
2016-08-19,36553.0,36800.0,36012.0,36047.0,36110.1,5577.0,2023.97
2016-08-22,36299.0,36299.9,35299.95,35360.05,35485.6,6810.0,2432.05
2016-08-23,35485.6,35849.95,35323.3,35745.0,35744.25,8437.0,3003.26
2016-08-24,35770.0,36490.0,35700.0,36350.0,36300.3,10758.0,3879.36
2016-08-25,36303.0,36800.0,36200.0,36350.05,36458.85,10211.0,3720.23
2016-08-26,36500.0,36863.35,36212.0,36265.05,36339.7,8695.0,3165.65
2016-08-29,36400.0,37590.1,36400.0,37560.0,37471.65,15241.0,5655.54
2016-08-30,37390.0,38087.95,37288.25,37580.0,37591.45,13204.0,4979.81
2016-08-31,37988.95,37988.95,37310.6,37331.0,37431.8,6960.0,2616.75
2016-09-01,37750.0,37850.0,37099.5,37101.0,37231.85,5262.0,1974.01
2016-09-02,37390.0,39000.0,37235.0,38901.0,38852.55,21168.0,8121.54
2016-09-06,39000.0,39732.5,38903.0,39500.0,39535.8,14428.0,5691.43
2016-09-07,39889.9,40337.0,39550.0,39835.0,39893.6,16406.0,6555.44
2016-09-08,39880.0,40380.0,39627.1,40020.0,40035.8,9369.0,3750.76
2016-09-09,40000.0,40549.85,39826.8,40200.0,40201.5,13878.0,5586.72
2016-09-12,39950.0,39950.0,38695.75,39100.0,39100.2,16133.0,6309.74
2016-09-14,39110.0,41000.0,39100.0,40915.0,40722.85,17913.0,7204.66
2016-09-15,40825.0,41874.7,40825.0,40912.0,41124.0,18371.0,7620.42
2016-09-16,41350.0,41719.95,40200.0,40500.0,40507.8,18045.0,7402.25
2016-09-19,40555.0,43270.0,40520.05,43231.0,43101.65,35959.0,15222.58
2016-09-20,43350.0,43921.0,42900.0,43600.0,43620.5,33084.0,14375.99
2016-09-21,43450.0,44300.0,43406.9,43740.0,43806.65,21206.0,9298.45
2016-09-22,44449.0,44499.0,43835.5,44380.0,44375.85,15927.0,7036.03
2016-09-23,44800.0,46471.75,44114.0,45950.0,45841.3,38540.0,17522.23
2016-09-26,45799.95,46349.0,45458.0,45712.0,45715.45,18111.0,8300.47
2016-09-27,45759.0,46917.85,45759.0,46600.0,46562.4,16890.0,7850.75
2016-09-28,46899.8,50190.0,46710.0,49955.0,49753.35,64713.0,31611.42
2016-09-29,50300.0,51515.45,47860.3,48750.0,48605.6,76122.0,38227.56
2016-09-30,48750.0,51150.0,48750.0,51100.05,50872.55,33197.0,16656.11
2016-10-03,51810.0,52444.0,51251.45,51765.0,51894.9,25479.0,13216.88
2016-10-04,52200.0,52499.0,50906.1,51620.0,51226.85,19591.0,10091.94
2016-10-05,51677.0,53899.0,51200.0,53711.0,53693.8,42292.0,22397.6
2016-10-06,54000.0,54650.0,53305.7,53980.0,53892.8,34564.0,18682.24
2016-10-07,54530.0,54530.0,53065.0,53400.0,53471.9,18743.0,10056.23
2016-10-10,53550.0,54087.15,52710.15,53170.0,53034.0,12551.0,6714.17
2016-10-13,53089.9,53740.0,52600.2,53160.0,53371.3,24543.0,13045.44
2016-10-14,53310.0,53550.0,52201.0,52300.0,52449.0,14336.0,7575.3
2016-10-17,52549.8,52600.0,49749.05,49749.1,49873.05,19866.0,10091.48
2016-10-18,50290.0,51777.0,48751.0,51505.0,51627.6,39429.0,19747.59
2016-10-19,51625.0,51777.0,50380.0,50450.0,50518.4,23916.0,12160.02
2016-10-20,50650.0,51502.05,49530.0,49850.05,49770.05,22521.0,11367.13
2016-10-21,50187.9,51100.0,49728.55,50350.1,50438.25,22623.0,11382.42
2016-10-24,50603.0,50929.0,49801.0,50050.0,49949.85,8325.0,4185.36
2016-10-25,50059.0,50300.0,49710.0,50100.0,50100.05,9424.0,4717.7
2016-10-26,50080.0,50771.0,49236.85,49400.0,49638.55,15490.0,7774.13
2016-10-27,49800.0,50094.5,46199.95,46419.0,46403.6,37965.0,18125.76
2016-10-28,46402.0,48190.0,46402.0,48180.0,47955.55,24430.0,11614.99
2016-10-30,48338.0,48597.9,47610.15,47799.8,47958.95,3712.0,1787.87
2016-11-01,48288.0,50443.0,48001.05,49900.0,50095.45,30014.0,14849.4
2016-11-02,49500.0,50239.55,48857.1,49420.05,49569.1,22450.0,11126.74
2016-11-03,49300.0,50777.0,49132.9,50205.1,50264.3,19387.0,9754.79
2016-11-04,50449.0,50899.0,49551.0,50400.05,50179.7,22877.0,11490.25
2016-11-07,50800.0,51000.0,50350.0,50655.1,50851.95,11676.0,5934.65
2016-11-08,51000.0,52400.0,50359.5,52200.0,52046.7,18329.0,9423.47
2016-11-09,48200.0,52824.0,47000.0,52750.0,52166.55,27056.0,13609.04
2016-11-10,52600.0,53940.0,52600.0,53600.0,53515.45,13832.0,7401.54
2016-11-11,53149.1,53357.9,52010.4,52590.0,52576.9,15517.0,8193.68
2016-11-15,52540.0,53050.0,49768.2,49901.0,50108.3,24843.0,12691.32
2016-11-16,51004.9,51700.0,50360.0,50401.05,50548.45,13312.0,6785.66
2016-11-17,50712.0,51250.0,49501.2,49781.0,49876.9,11124.0,5575.75
2016-11-18,49800.0,50078.5,48889.8,49100.05,49080.5,14112.0,6972.88
2016-11-21,49109.0,49500.0,46501.0,46625.0,46672.35,13855.0,6610.82
2016-11-22,46860.0,47467.75,46451.0,47000.0,46947.2,16524.0,7745.05
2016-11-23,47490.0,48189.6,46560.0,47250.0,47513.75,14321.0,6778.11
2016-11-24,47474.0,47877.0,46832.05,47145.05,47214.75,9048.0,4281.2
2016-11-25,47544.0,47775.2,47112.0,47130.0,47270.5,7607.0,3607.51
2016-11-28,47399.0,48460.0,47250.0,47520.05,47574.05,8314.0,3978.44
2016-11-29,47720.0,49498.0,47720.0,49350.0,49118.95,13814.0,6715.1
2016-11-30,50000.0,50595.2,49500.0,49800.0,49900.1,35735.0,17889.39
2016-12-01,50799.95,50799.95,48684.5,48790.0,48883.3,15416.0,7610.86
2016-12-02,48790.0,49340.0,48280.0,48852.0,48841.6,11376.0,5552.07
2016-12-05,48401.1,50722.3,48401.1,50639.0,50469.3,16302.0,8140.95
2016-12-06,50639.0,51074.55,49861.05,50250.5,50304.7,13166.0,6668.84
2016-12-07,50399.0,50705.3,49810.0,50350.0,50147.8,8158.0,4103.27
2016-12-08,50401.0,51669.0,50401.0,51640.0,51416.55,10465.0,5362.56
2016-12-09,51656.0,53448.0,51286.4,53300.0,53033.5,17815.0,9327.16
2016-12-12,52701.0,52996.8,52001.0,52104.95,52235.0,8233.0,4318.68
2016-12-13,52549.0,53350.0,52320.0,52650.0,52424.2,11944.0,6295.48
2016-12-14,52216.0,52999.0,52216.0,52800.0,52759.7,7681.0,4043.16
2016-12-15,53000.0,53270.0,52400.0,52457.0,52613.4,14182.0,7493.45
2016-12-16,52920.0,52996.9,51980.3,52055.2,52154.7,13605.0,7125.51
2016-12-19,52387.0,52387.0,51431.0,51432.05,51561.55,4267.0,2210.25
2016-12-20,51434.0,51923.95,49680.0,49750.0,49825.3,12476.0,6314.82
2016-12-21,50188.0,50188.0,48800.0,48915.0,48855.15,11398.0,5594.0
2016-12-22,48797.7,49249.0,48055.2,48186.15,48234.65,9556.0,4627.24
2016-12-23,48370.0,49685.0,47968.15,49050.0,48996.5,10845.0,5312.5
2016-12-26,48998.8,49005.05,48000.0,48310.05,48319.45,6624.0,3202.78
2016-12-27,48556.8,48840.0,47512.3,48570.05,48692.95,10685.0,5163.18
2016-12-28,48998.95,49089.95,48356.45,48415.0,48485.95,5321.0,2594.53
2016-12-29,48350.0,48980.0,48350.0,48850.0,48893.8,9163.0,4472.55
2016-12-30,49100.0,49300.0,48500.0,48725.0,48905.65,7871.0,3862.33
2017-01-02,49000.0,49304.95,48799.75,48956.0,49084.4,8367.0,4106.19
2017-01-03,49388.9,50500.0,49101.25,50450.0,50391.45,9526.0,4770.46
2017-01-04,50679.8,50769.75,50181.6,50250.05,50386.1,7045.0,3556.01
2017-01-05,50698.65,51990.0,50550.05,51900.0,51710.65,8444.0,4326.99
2017-01-06,52000.0,52686.5,51125.0,51490.0,51579.2,14670.0,7610.36
2017-01-09,51579.2,51797.0,50825.7,51028.0,51349.15,5351.0,2740.53
2017-01-10,51649.9,53666.0,49808.7,53666.0,53025.05,14460.0,7570.8
2017-01-11,53699.0,55554.45,53400.05,55449.0,55400.0,35021.0,19126.64
2017-01-12,55530.1,55945.0,54625.05,54916.05,55011.6,18119.0,10010.32
2017-01-13,55098.85,55298.95,52890.0,53195.0,53359.6,22090.0,11870.21
2017-01-16,53299.0,53857.55,52559.85,53050.0,53092.05,13559.0,7216.73
2017-01-17,53050.0,54380.6,53050.0,53560.0,53678.8,15203.0,8194.13
2017-01-18,53800.0,54100.0,52802.0,52810.0,53006.9,9948.0,5316.66
2017-01-19,53000.0,53046.05,51814.5,51900.0,51992.2,13607.0,7095.32
2017-01-20,51890.0,52549.95,51400.0,51525.7,51668.9,9801.0,5092.48
2017-01-23,51668.0,52840.0,51668.0,52400.0,52351.7,23689.0,12413.26
2017-01-24,52679.35,52879.95,52210.05,52388.3,52466.4,7489.0,3934.11
2017-01-25,52699.0,53180.0,52000.0,52999.0,53066.7,8561.0,4505.9
2017-01-27,53080.0,53633.0,53080.0,53152.0,53339.2,6477.0,3454.02
2017-01-30,53440.0,53440.0,51801.15,51998.0,51929.9,12036.0,6285.54
2017-01-31,51998.0,52140.0,51000.0,51355.0,51659.5,12635.0,6519.0
2017-02-01,51401.0,52840.0,51401.0,52416.0,52585.1,11729.0,6130.75
2017-02-02,52600.0,52740.0,51351.0,51650.0,51590.9,10660.0,5517.12
2017-02-03,51681.8,52654.15,50050.15,51050.1,51059.45,39215.0,20070.84
2017-02-06,51684.8,51684.8,50097.3,50200.0,50240.05,17664.0,8965.75
2017-02-07,50690.0,51040.0,49759.65,50499.95,50434.75,21900.0,11048.15
2017-02-08,50666.0,51799.95,50350.0,51505.1,51604.45,13393.0,6847.09
2017-02-09,51750.0,51985.0,51250.0,51702.55,51685.7,7391.0,3819.25
2017-02-10,51850.0,51879.3,51310.0,51320.0,51472.35,4384.0,2261.18
2017-02-13,51551.15,51680.3,50660.05,50843.8,50827.25,5749.0,2935.67
2017-02-14,51020.0,51630.55,50010.0,50155.0,50195.2,5866.0,2959.12
2017-02-15,50200.05,50582.0,49935.6,49950.0,49997.15,8012.0,4021.02
2017-02-16,50180.0,50858.0,49600.0,50500.0,50538.05,16212.0,8141.72
2017-02-17,50780.0,50900.0,50001.05,50030.0,50102.2,10380.0,5231.9
2017-02-20,50100.0,50595.0,49950.0,50478.7,50414.75,4347.0,2189.82
2017-02-21,50451.0,50679.35,50100.0,50155.0,50195.4,4084.0,2058.28
2017-02-22,50399.95,50600.0,49577.0,49650.0,49767.85,13002.0,6509.89
2017-02-23,49900.0,51700.0,49714.75,51500.0,51499.05,22055.0,11208.14
2017-02-27,51650.0,52029.95,50700.0,51320.0,51437.15,13966.0,7200.24
2017-02-28,51437.25,52529.9,51370.05,51741.1,51835.05,14966.0,7788.51
2017-03-01,51999.0,53150.0,51999.0,52875.25,52819.4,13943.0,7363.58
2017-03-02,53185.0,53362.5,51845.0,52000.0,51951.6,8861.0,4653.88
2017-03-03,52300.0,52630.0,51713.45,52399.0,52072.85,12544.0,6544.44
2017-03-06,52398.0,52500.0,51951.05,52281.0,52375.55,7600.0,3974.72
2017-03-07,52282.0,52565.85,51953.2,52210.0,52167.9,6731.0,3512.67
2017-03-08,52260.0,52372.1,51086.7,51500.0,51527.8,9537.0,4928.32
2017-03-09,51500.0,52366.65,51205.0,51950.0,52031.35,12197.0,6347.97
2017-03-10,52366.0,52450.0,51950.0,52250.0,52220.3,9186.0,4798.91
2017-03-14,52750.0,53427.95,52100.0,53189.95,52983.9,18744.0,9909.6
2017-03-15,53381.25,57984.0,53291.25,57100.0,56836.6,82609.0,46340.69
2017-03-16,57300.0,57448.95,56200.0,56260.0,56425.55,15441.0,8757.54
2017-03-17,56400.0,56700.0,54967.65,55352.0,55427.85,43538.0,24228.32
2017-03-20,56305.0,57090.65,55801.0,56105.0,56019.35,23491.0,13226.46
2017-03-21,56500.0,58300.0,55854.3,58200.05,58045.15,28250.0,16191.16
2017-03-22,57600.0,58450.0,57500.0,57751.15,57849.2,20754.0,12026.1
2017-03-23,58000.0,59684.35,57601.0,59260.0,59507.1,36778.0,21644.22
2017-03-24,59499.9,59650.0,59001.0,59251.0,59308.8,19247.0,11417.43
2017-03-27,59499.0,60145.0,59125.2,59760.0,59888.5,20169.0,12050.12
2017-03-28,59855.45,60300.0,57947.4,58425.55,58315.35,19851.0,11746.52
2017-03-29,58499.95,59790.8,57801.0,59690.0,59578.45,24086.0,14212.26
2017-03-30,59125.0,60200.0,59125.0,59950.0,59823.65,19147.0,11434.98
2017-03-31,59550.0,61220.0,59550.0,61160.0,60954.45,24685.0,14920.58
2017-04-03,60935.0,61386.7,60240.0,60925.0,60993.55,14263.0,8701.32
2017-04-05,60993.55,61271.75,60372.0,60551.0,60685.45,12463.0,7582.55
2017-04-06,60552.0,61399.0,60211.0,61001.0,61104.85,18995.0,11559.23
2017-04-07,60655.0,61780.0,60601.1,60900.0,61036.15,14389.0,8823.88
2017-04-10,61195.7,61382.95,60620.0,60900.0,60767.45,7631.0,4655.22
2017-04-11,61179.0,62200.0,60901.0,62000.0,62063.4,17051.0,10527.2
2017-04-12,62010.0,62199.95,60062.4,60420.0,60527.1,20550.0,12495.36
2017-04-13,60530.85,61200.0,60300.0,60305.05,60566.55,10623.0,6465.07
2017-04-17,60720.0,62158.0,60311.4,61950.0,61948.55,21463.0,13194.84
2017-04-18,61950.0,63099.0,61600.05,62598.75,62596.1,23539.0,14725.84
2017-04-19,62350.0,63300.0,62150.05,63100.0,63089.25,12089.0,7606.48
2017-04-20,63005.0,63610.0,62751.1,63250.0,63500.8,12427.0,7860.21
2017-04-21,63325.0,63698.0,63016.85,63380.0,63283.7,9607.0,6087.33
2017-04-24,63120.0,64200.0,63110.0,64199.9,63995.35,12079.0,7696.97
2017-04-25,64200.0,66755.55,63880.0,66486.95,66566.25,28579.0,18707.23
2017-04-26,66500.0,69848.75,66486.95,68720.0,68850.55,43642.0,29876.07
2017-04-27,69200.0,70500.0,68000.0,68112.0,68495.6,50104.0,34799.77
2017-04-28,68858.5,69000.0,67706.0,67750.0,67909.2,17996.0,12274.97
2017-05-02,68050.0,68899.8,67600.05,68783.0,68372.55,17924.0,12212.85
2017-05-03,68563.1,69750.0,68455.2,68519.75,68639.9,17264.0,11921.01
2017-05-04,68944.0,69173.5,66501.0,66900.0,67022.55,28669.0,19438.28
2017-05-05,66861.0,68399.0,66500.05,68300.0,68135.95,20751.0,14044.31
2017-05-08,68499.9,68720.0,67450.0,67501.1,67634.1,12208.0,8304.29
2017-05-09,68200.0,68200.0,66587.4,66625.05,66683.05,16105.0,10777.19
2017-05-10,66800.1,66999.0,65822.2,66066.0,65936.7,17167.0,11384.63
2017-05-11,66000.0,67371.8,65902.1,66030.0,66055.95,15027.0,9983.04
2017-05-12,66105.0,66488.0,65300.0,65300.0,65455.15,9995.0,6565.01
2017-05-15,65620.0,66081.0,65200.8,65700.0,65823.4,10189.0,6697.41
2017-05-16,65990.0,66360.0,65500.0,65990.0,66093.35,14100.0,9301.9
2017-05-17,66200.0,68270.0,65700.0,68170.0,68054.7,28781.0,19405.9
2017-05-18,67750.0,69188.0,66640.1,66856.0,66960.4,21701.0,14768.43
2017-05-19,67290.0,67699.9,64164.85,65951.0,65876.65,15118.0,10003.5
2017-05-22,66100.5,66799.0,64100.0,64180.0,64254.05,13002.0,8447.84
2017-05-23,64480.0,64700.0,63000.0,63466.95,63976.15,19116.0,12184.92
2017-05-24,63900.0,63958.4,62400.0,62501.0,62519.7,11106.0,6990.9
2017-05-25,62660.0,64200.0,62000.0,63900.0,63820.0,20131.0,12692.93
2017-05-26,64199.85,65689.95,63922.2,65350.0,65401.8,15831.0,10299.72
2017-05-29,65699.0,66370.05,64750.0,64800.0,64937.95,10018.0,6544.6
2017-05-30,64938.0,65600.0,64561.25,65300.05,65398.1,7921.0,5169.65
2017-05-31,65351.35,65881.95,65009.0,65620.0,65559.1,6625.0,4341.52
2017-06-01,65619.5,68599.0,65619.5,68000.0,68217.3,27596.0,18682.1
2017-06-02,68450.0,68993.85,67500.0,67510.05,67715.95,15738.0,10723.07
2017-06-05,67910.0,68597.95,67900.0,68309.95,68334.25,7478.0,5107.57
2017-06-06,68500.0,69240.0,67300.0,68600.0,68820.5,15435.0,10547.7
2017-06-07,68830.3,69347.25,68499.0,68970.0,68985.95,10469.0,7224.69
2017-06-08,69000.1,71995.0,68700.0,71401.1,71129.65,39075.0,27618.0
2017-06-09,71404.0,73200.0,71251.1,72850.0,72901.25,33946.0,24557.08
2017-06-12,72901.25,74016.25,72245.0,73350.0,73331.6,24677.0,18075.88
2017-06-13,73401.0,74147.5,71555.0,71561.0,72369.3,23590.0,17332.48
2017-06-14,71980.0,71980.0,70880.05,71020.0,71102.15,19049.0,13576.63
2017-06-15,71235.0,73184.9,71198.9,73000.0,72847.45,19573.0,14128.75
2017-06-16,73148.0,73401.0,71707.5,71902.0,71978.1,15153.0,10980.15
2017-06-19,72499.9,72870.0,71560.2,71575.3,71760.2,9973.0,7179.08
2017-06-20,71980.0,72800.0,71315.3,71750.0,71656.2,11042.0,7965.47
2017-06-21,71850.0,72297.9,71324.55,71600.0,71709.1,7666.0,5506.02
2017-06-22,72198.9,72495.0,70650.1,70841.0,70975.9,10644.0,7634.98
2017-06-23,71500.0,71500.0,69596.0,69780.05,69935.8,12316.0,8632.67
2017-06-27,69955.0,70400.0,68270.0,68301.0,68585.55,10377.0,7149.42
2017-06-28,68585.55,69399.0,67801.5,69198.0,68915.8,10368.0,7131.33
2017-06-29,69270.0,69846.75,68500.0,68575.0,68638.95,15509.0,10699.76
2017-06-30,68400.0,68750.0,67850.1,68458.5,68325.9,10072.0,6873.83
2017-07-03,68458.5,71250.0,68201.0,71199.0,70859.5,16735.0,11674.42
2017-07-04,71260.0,71500.0,70029.7,70105.0,70350.3,11002.0,7768.64
2017-07-05,70401.0,71120.35,70259.9,70601.0,70607.4,8300.0,5874.06
2017-07-06,70984.0,71450.0,70005.0,70005.1,70270.65,12201.0,8637.85
2017-07-07,70801.7,70801.7,69575.0,69839.0,69809.3,10221.0,7179.4
2017-07-10,69900.0,70450.0,69403.0,69500.0,69600.25,1539.0,1074.74
2017-07-11,69600.0,70079.85,68863.5,69200.0,69120.05,9263.0,6437.32
2017-07-12,69201.0,70295.0,68800.0,70000.0,69976.6,10291.0,7152.44
2017-07-13,70300.0,70399.95,69526.0,69765.0,69662.05,6505.0,4546.03
2017-07-14,69999.0,70000.0,69150.0,69545.0,69516.25,5398.0,3755.34
2017-07-17,69662.0,70274.0,69100.0,69911.05,70072.7,8434.0,5876.34
2017-07-18,69400.0,70367.7,69400.0,69730.0,69930.45,7118.0,4978.51
2017-07-19,69930.45,70769.95,69710.0,70230.0,70221.5,16349.0,11473.48
2017-07-20,70550.0,70550.0,69027.0,69099.0,69159.05,7182.0,4998.05
2017-07-21,69375.0,69721.0,68700.0,68898.0,68878.45,11184.0,7735.29
2017-07-24,69000.0,69340.0,68750.0,68750.0,68908.9,6308.0,4354.11
2017-07-25,69377.0,70663.65,69050.05,70200.0,70334.3,16387.0,11471.17
2017-07-26,70388.0,70555.55,69808.25,69911.0,69989.85,8637.0,6052.73
2017-07-27,70200.0,70300.0,68510.0,68660.0,68706.5,8582.0,5954.53
2017-07-28,68660.0,69700.0,68501.0,69119.0,69119.7,8239.0,5691.74
2017-07-31,69120.7,69974.8,69000.0,69082.35,69198.75,8841.0,6140.72
2017-08-01,69567.05,69688.25,69001.0,69273.95,69393.1,7528.0,5219.21
2017-08-02,69276.1,70999.8,69276.1,70511.1,70810.4,17215.0,12126.88
2017-08-03,70600.0,70909.95,68902.25,69139.0,69150.4,14610.0,10211.94
2017-08-04,68483.1,68500.0,65293.3,67200.0,66361.15,47845.0,32055.45
2017-08-07,67100.0,68182.3,66505.8,67799.0,67821.2,23514.0,15908.24
2017-08-08,67900.0,68500.0,66601.0,66750.0,66722.25,11981.0,8032.77
2017-08-09,67000.0,67000.0,65501.0,65802.0,65946.95,10520.0,6940.7
2017-08-10,65799.0,66365.7,63400.0,64350.0,64100.7,14500.0,9424.98
2017-08-11,63250.0,65098.95,62382.05,63715.0,63922.0,16985.0,10836.07
2017-08-14,64400.0,64899.6,63601.1,63650.0,63770.65,11840.0,7604.74
2017-08-16,64525.0,65987.0,63300.0,65920.5,65783.0,15564.0,10082.47
2017-08-17,66054.0,66395.0,64280.0,64666.0,64484.5,11287.0,7369.89
2017-08-18,64470.0,64470.0,63501.0,63588.55,63684.15,12643.0,8066.53
2017-08-21,63798.2,64770.0,63002.0,63130.0,63419.8,8783.0,5625.34
2017-08-22,63050.1,63999.95,62432.05,62570.0,62555.7,14404.0,9060.9
2017-08-23,62999.0,63494.9,62570.0,62700.0,62805.85,12476.0,7847.83
2017-08-24,63248.0,63349.5,62611.0,63100.0,63049.7,7876.0,4962.92
2017-08-28,63350.0,63400.0,62657.15,62895.0,62811.1,7912.0,4982.68
2017-08-29,62949.9,63200.0,62400.0,62800.0,62907.95,12683.0,7964.65
2017-08-30,63200.0,63299.95,62655.6,62800.0,62944.75,5035.0,3174.92
2017-08-31,63179.9,64235.2,62850.0,64200.0,64089.6,11820.0,7550.66
2017-09-01,64090.0,65499.0,64090.0,65199.0,65293.85,9059.0,5871.76
2017-09-04,65290.0,65368.45,63950.0,64150.0,64240.15,8632.0,5566.73
2017-09-05,64474.3,64999.0,64200.0,64630.0,64573.35,6756.0,4367.52
2017-09-06,64260.0,65330.0,63709.2,64830.0,64990.0,13562.0,8764.36
2017-09-07,65269.9,65350.0,64102.0,64370.0,64429.75,5016.0,3252.5
2017-09-08,64505.0,64799.9,63671.0,63723.0,63816.85,7529.0,4825.98
2017-09-11,64010.0,64799.0,64010.0,64655.0,64449.6,8300.0,5340.95
2017-09-12,64899.9,65545.6,64650.1,65300.0,65270.8,10388.0,6768.11
2017-09-13,65500.0,65650.0,64100.0,64425.2,64334.3,8725.0,5656.54
2017-09-14,64430.0,64599.8,63690.0,63800.0,63840.35,6532.0,4183.85
2017-09-15,63999.95,64750.0,63535.75,64600.0,64544.3,12616.0,8106.63
2017-09-18,64698.0,65300.0,64648.15,64980.0,64916.05,20041.0,13017.84
2017-09-19,64648.0,65248.0,64003.05,64060.0,64087.1,9349.0,6037.25
2017-09-20,65101.0,65650.0,63933.15,64000.5,64092.1,15543.0,10068.65
2017-09-21,64438.0,64447.8,63152.55,63311.0,63294.7,8728.0,5551.8
2017-09-22,64000.0,64000.0,62650.0,62700.0,62938.15,17031.0,10791.95
2017-09-25,63100.0,63376.6,61251.0,63200.0,62721.85,15442.0,9591.63
2017-09-26,62800.0,63000.0,62210.05,62500.0,62754.1,11340.0,7101.26
2017-09-27,62720.0,62999.0,61501.0,61505.0,61746.6,6870.0,4269.0
2017-09-28,61790.0,62200.0,61000.0,61901.15,61866.4,15835.0,9792.35
2017-09-29,62051.0,63940.0,62051.0,63220.0,63005.3,25187.0,15898.89
2017-10-03,63480.0,64000.0,63160.6,63404.45,63404.4,14576.0,9254.11
2017-10-04,63749.0,63786.5,62750.0,63123.0,63029.8,9071.0,5728.24
2017-10-05,63298.0,63666.0,62883.8,63250.0,63141.5,13683.0,8658.36
2017-10-06,63349.95,64620.0,63207.85,64351.5,64422.7,10353.0,6629.13
2017-10-09,64550.0,65010.1,64195.4,64700.0,64835.5,6744.0,4366.9
2017-10-10,65011.0,65300.0,64510.1,64695.8,64705.2,4704.0,3053.09
2017-10-11,64949.9,64970.0,63269.65,63449.0,63437.4,8383.0,5373.29
2017-10-12,64200.0,64200.0,63460.0,63884.0,63885.55,5284.0,3370.49
2017-10-13,63800.15,64000.0,63500.0,63650.0,63670.25,5189.0,3305.89
2017-10-16,63602.0,64049.0,63101.0,63600.0,63636.4,7701.0,4897.77
2017-10-17,63700.0,64190.0,63328.05,63765.0,63777.05,4423.0,2817.97
2017-10-18,63516.35,64000.0,63516.35,63850.0,63670.35,3556.0,2266.31
2017-10-19,63670.35,63898.7,63207.0,63233.05,63522.5,922.0,586.59
2017-10-23,63250.0,63600.0,62409.8,63550.0,63490.6,12588.0,7937.67
2017-10-24,63450.0,63574.0,62981.1,63116.1,63064.45,7750.0,4896.3
2017-10-25,63315.0,63498.95,62910.5,63047.0,63089.15,4021.0,2537.22
2017-10-26,63200.0,63500.0,62811.9,63330.0,63156.15,5887.0,3715.76
2017-10-27,63300.0,64999.0,63210.7,64820.0,64771.1,10783.0,6942.17
2017-10-30,65000.0,67343.9,65000.0,66700.0,66779.15,15489.0,10296.01
2017-10-31,66775.0,67221.95,65715.05,66500.0,66422.45,7407.0,4921.45
2017-11-01,66789.9,66999.0,65851.95,66300.0,66002.5,6273.0,4163.56
2017-11-02,66011.2,66719.85,65590.05,65700.0,65726.85,4284.0,2832.94
2017-11-03,65726.85,66739.7,65726.85,66500.0,66483.4,5375.0,3568.32
2017-11-06,66500.0,67800.0,65911.0,67600.0,67399.4,9355.0,6244.75
2017-11-07,67650.0,67810.0,65521.5,65570.0,65712.6,8918.0,5929.78
2017-11-08,65900.0,66341.65,65000.0,65200.0,65162.45,5123.0,3354.95
2017-11-09,65398.75,65800.0,64836.0,65000.0,64994.15,4127.0,2691.75
2017-11-10,64995.0,67748.95,63614.05,67335.0,67359.05,39944.0,26275.64
2017-11-13,66812.2,69000.0,66800.0,68250.0,68320.9,20028.0,13653.99
2017-11-14,68624.9,68624.9,67428.05,67700.0,67643.45,5488.0,3730.16
2017-11-15,68300.0,69655.2,67687.5,68481.05,68392.3,18813.0,12944.39
2017-11-16,68500.0,69955.95,68500.0,69849.05,69730.8,12710.0,8807.88
2017-11-17,70000.0,70500.0,69195.6,69332.6,69437.35,10991.0,7694.57
2017-11-20,69437.35,69869.85,68476.05,68700.05,68718.95,4128.0,2849.91
2017-11-21,68908.0,70160.0,68750.05,69700.0,69830.5,12159.0,8485.11
2017-11-22,70000.0,70189.0,69268.35,69866.6,69692.85,4610.0,3210.66
2017-11-23,69799.1,70200.0,69001.0,69449.9,69189.6,9563.0,6653.48
2017-11-24,69499.0,69859.05,69261.0,69455.0,69405.45,5505.0,3828.53
2017-11-27,69474.45,70450.0,69405.0,70108.0,70215.15,10178.0,7126.77
2017-11-28,70130.0,70325.0,69480.0,69540.0,69597.35,2739.0,1913.05
2017-11-29,69540.0,69948.95,69200.0,69290.0,69275.15,8735.0,6083.82
2017-11-30,69299.0,69359.95,68200.1,68809.0,68583.5,7987.0,5487.53
2017-12-01,68601.0,69099.95,65724.25,66068.05,66169.15,11678.0,7840.14
2017-12-04,66400.0,66841.9,65805.0,66450.05,66333.1,5838.0,3872.35
2017-12-05,66336.6,67000.0,65705.0,66900.0,66842.75,9024.0,5991.29
2017-12-06,66122.0,67222.15,66122.0,66550.0,66871.05,5830.0,3892.72
2017-12-07,66990.0,67284.8,66647.7,66929.1,67063.25,5214.0,3493.41
2017-12-08,67251.0,68337.9,66845.05,68329.0,68226.15,7178.0,4873.02
2017-12-11,68500.0,69000.0,67678.0,67899.8,67863.45,4898.0,3342.95
2017-12-12,68240.0,68240.0,66280.0,66500.0,66407.4,6244.0,4181.63
2017-12-13,66774.0,67095.0,65890.0,66076.8,66072.6,6460.0,4302.95
2017-12-14,66480.0,66670.0,65323.9,66000.0,65952.8,5784.0,3805.73
2017-12-15,66500.0,68124.95,66335.65,67587.95,67703.6,9214.0,6212.67
2017-12-18,67400.0,69350.0,65810.0,68930.1,69184.6,14066.0,9643.67
2017-12-19,68940.0,69649.0,68650.2,69300.0,69389.7,7912.0,5473.37
2017-12-20,69389.7,69900.0,68751.0,68900.0,68913.8,5124.0,3550.93
2017-12-21,69000.0,71050.0,68551.0,70690.9,70860.55,12046.0,8450.94
2017-12-22,70927.0,73089.0,70898.75,72865.0,72817.8,29133.0,21089.59
2017-12-26,72600.0,74500.0,72160.05,73750.0,74062.0,17525.0,12903.36
2017-12-27,74280.0,74394.0,72693.1,73000.0,73080.05,14788.0,10864.08
2017-12-28,73490.0,73899.0,72492.2,73301.0,73497.95,10193.0,7473.06
2017-12-29,73499.0,73950.0,72101.1,72325.0,72357.05,10899.0,7953.93
2018-01-01,72572.0,73200.0,71900.0,72305.0,72402.85,7348.0,5327.5
2018-01-02,72305.0,72899.7,71059.1,71160.0,71246.1,7345.0,5257.15
2018-01-03,71680.0,71899.9,71000.0,71045.35,71173.35,9083.0,6479.55
2018-01-04,71499.0,71644.85,70851.2,71160.05,71219.85,4477.0,3189.81
2018-01-05,71390.0,73000.0,71300.0,72900.0,72905.9,9189.0,6665.44
2018-01-08,72900.0,73570.0,72286.95,72600.0,72610.5,6757.0,4933.61
2018-01-09,72965.0,73270.0,72020.0,73040.0,73025.05,5587.0,4063.1
2018-01-10,73040.0,73112.35,72100.0,72450.0,72481.5,9006.0,6533.79
2018-01-11,72700.0,72700.0,71950.05,72200.0,72311.95,4998.0,3613.0
2018-01-12,72310.0,73100.0,71814.1,72000.0,71970.95,11548.0,8335.83
2018-01-15,71970.95,72499.95,71350.0,71350.2,71534.0,6503.0,4673.39
2018-01-16,71401.0,71900.5,69889.6,70378.0,70284.55,7410.0,5237.77
2018-01-17,70480.0,70751.65,69731.65,70370.0,70420.8,4005.0,2817.76
2018-01-18,70800.0,70848.95,68601.45,68850.0,68804.45,7680.0,5337.48
2018-01-19,69100.0,69399.9,68500.0,69000.0,69156.0,7715.0,5323.52
2018-01-22,69156.0,69878.3,68875.0,69504.0,69677.3,3327.0,2310.76
2018-01-23,69600.0,70456.0,69531.8,70000.0,69930.7,6857.0,4800.65
2018-01-24,69700.0,70171.45,68700.0,68750.0,68894.5,6431.0,4450.73
2018-01-25,69050.0,69439.95,67055.55,67240.1,67543.65,7157.0,4884.15
2018-01-29,67165.0,68447.6,66750.0,67000.0,66906.75,7203.0,4856.91
2018-01-30,67300.0,68446.0,67010.0,68010.0,68261.55,6008.0,4075.21
2018-01-31,68395.0,68798.75,67215.75,68100.0,68113.35,8102.0,5512.83
2018-02-01,68115.0,72750.0,67200.0,71776.9,71776.65,29028.0,20564.19
2018-02-02,71400.0,71654.85,68050.0,69100.0,69259.4,19860.0,13865.11
2018-02-05,68016.25,69350.0,67658.5,68700.0,68615.1,12193.0,8370.87
2018-02-06,64000.0,68950.0,64000.0,68900.0,68528.45,21197.0,14210.05
2018-02-07,68899.95,69499.95,68250.05,68300.0,68827.45,9654.0,6653.8
2018-02-08,69001.0,70763.55,68800.0,70400.0,70171.05,12304.0,8610.5
2018-02-09,69100.1,70377.0,68752.25,69870.5,70013.8,4799.0,3351.37
2018-02-12,70011.0,71840.0,70011.0,71599.0,71640.9,7298.0,5207.69
2018-02-14,71720.0,72606.1,71650.0,71900.0,72329.2,10260.0,7409.48
2018-02-15,72329.0,72780.6,71740.8,72100.0,72156.25,7756.0,5608.52
2018-02-16,72357.0,72517.0,70601.6,71200.45,71162.55,5347.0,3817.41
2018-02-19,71555.0,71698.0,70200.0,70460.0,70624.0,3821.0,2700.46
2018-02-20,70635.1,71100.0,70430.0,70850.0,70825.5,3989.0,2822.66
2018-02-21,70855.0,71999.0,70702.95,71700.0,71787.05,5414.0,3861.77
2018-02-22,71500.0,71500.0,69599.0,69797.95,70107.8,4823.0,3401.45
2018-02-23,70139.95,72800.0,70139.95,72799.0,72473.4,7984.0,5716.79
2018-02-26,72550.0,72980.5,72400.0,72670.0,72690.8,4426.0,3214.66
2018-02-27,72670.0,73149.0,71660.9,73000.0,72665.8,9668.0,6983.15
2018-02-28,72599.95,73840.0,72000.0,73498.0,73391.6,11901.0,8715.85
2018-03-01,73391.6,74100.0,72520.0,72520.0,72683.65,5016.0,3675.45
2018-03-05,72683.0,73566.6,72000.0,72201.05,72324.65,8937.0,6488.44
2018-03-06,73000.0,73000.0,71310.0,71438.95,71475.85,5388.0,3885.83
2018-03-07,71440.0,71899.1,70020.65,70231.0,70249.2,6459.0,4575.17
2018-03-08,70500.0,70811.65,69800.0,70247.0,70204.4,7016.0,4919.33
2018-03-09,70759.0,71379.5,70111.15,70706.9,70781.65,5005.0,3540.09
2018-03-12,70950.0,71332.95,70799.95,70814.8,71094.2,3757.0,2671.25
2018-03-13,70815.0,72100.0,70815.0,71609.0,71717.3,4148.0,2974.62
2018-03-14,71160.0,71845.2,71000.0,71500.0,71281.65,4663.0,3325.86
2018-03-15,71225.0,71945.85,71086.4,71670.0,71737.95,3803.0,2720.87
2018-03-16,71670.0,71670.0,70000.0,70257.7,70211.65,4914.0,3472.76
2018-03-19,70500.0,70895.6,69699.9,69950.0,70074.85,3928.0,2752.01
2018-03-20,69950.0,70111.7,69455.65,69718.0,69593.05,2849.0,1987.42
2018-03-21,69999.95,70200.0,69725.0,70000.0,69966.45,4761.0,3331.93
2018-03-22,70000.0,70220.0,69257.5,69550.0,69489.3,3754.0,2619.92
2018-03-23,68170.0,69486.0,68170.0,69096.65,69236.9,4854.0,3352.66
2018-03-26,69237.0,70399.0,68800.0,70100.0,69961.75,7329.0,5091.77
2018-03-27,70201.5,72887.95,70201.5,72650.0,72656.05,9594.0,6894.06
2018-03-28,72001.25,73649.95,71610.45,72345.0,72513.25,14061.0,10229.45
2018-04-02,72700.0,73333.0,72542.35,73299.0,73122.45,3468.0,2534.18
2018-04-03,72975.0,75799.0,72800.0,75350.0,75502.4,21139.0,15906.07
2018-04-04,75350.0,76034.0,73745.95,74799.0,74734.2,11549.0,8655.98
2018-04-05,75501.0,77199.0,75500.1,76967.0,77012.55,16500.0,12670.47
2018-04-06,76901.0,77270.0,76218.25,77200.0,77137.25,7307.0,5617.36
2018-04-09,77137.0,77400.0,76700.0,77310.0,77243.9,6579.0,5072.75
2018-04-10,77243.9,77300.0,76501.0,76700.7,76831.1,3552.0,2731.79
2018-04-11,77000.0,77000.0,76135.15,76412.35,76467.6,3136.0,2399.48
2018-04-12,76499.0,78363.3,76150.0,77800.0,77613.7,11854.0,9206.46
2018-04-13,77800.0,78540.0,77600.0,78389.0,78091.35,10905.0,8517.88
2018-04-16,77506.0,78590.0,77506.0,78177.0,78370.5,4416.0,3453.13
2018-04-17,78299.0,80102.0,78180.85,79693.65,79771.65,11498.0,9138.52
2018-04-18,79999.0,80100.0,78950.0,79398.95,79069.85,5399.0,4291.48
2018-04-19,79499.0,79899.0,79090.0,79390.0,79320.0,5829.0,4631.33
2018-04-20,79390.0,79479.85,78000.0,78247.0,78110.1,6038.0,4724.51
2018-04-23,78300.0,78742.7,77600.0,77800.0,77961.45,4238.0,3313.22
2018-04-24,77600.0,79060.0,77600.0,77818.45,77948.4,3784.0,2965.07
2018-04-25,78110.0,78300.0,76900.0,76900.0,77496.4,4176.0,3249.78
2018-04-26,77551.0,77598.0,76225.05,76500.0,76509.15,8038.0,6157.9
2018-04-27,77179.0,80570.0,76901.1,80398.0,80413.25,19559.0,15558.35
2018-04-30,80416.0,81425.95,79720.0,79820.0,79933.45,7899.0,6352.91
2018-05-02,79900.0,81400.0,79430.9,79550.0,79610.8,7999.0,6422.88
2018-05-03,79729.0,80133.35,76700.0,77200.0,77028.15,33135.0,25965.86
2018-05-04,77880.0,77898.95,75595.85,75699.95,75721.5,8851.0,6753.6
2018-05-07,76000.0,76695.9,75610.2,76150.0,76115.05,5681.0,4326.54
2018-05-08,76406.9,76406.9,75600.0,75700.0,75746.75,4047.0,3072.05
2018-05-09,75525.0,76599.0,75210.0,76020.0,76019.8,12724.0,9668.97
2018-05-10,76540.0,76540.0,74750.0,74780.0,74881.45,8010.0,6035.69
2018-05-11,75300.0,75400.0,74300.0,74698.0,74675.5,20861.0,15593.18
2018-05-14,74750.0,75152.7,74515.45,74950.0,74737.35,3327.0,2490.0
2018-05-15,74850.0,75599.0,74341.65,74500.0,74604.95,4574.0,3422.04
2018-05-16,74500.0,75098.85,73978.05,74760.9,74873.4,7566.0,5659.91
2018-05-17,74803.4,75276.95,74400.0,74569.85,74559.95,4063.0,3034.76
2018-05-18,74555.0,75509.0,73925.1,74200.0,74206.2,5414.0,4034.38
