Date,Open,High,Low,Last,Close,Total Trade Quantity,Turnover (Lacs)
2013-01-01,1266.95,1267.9,1260.0,1262.3,1264.15,254790.0,3220.75
2013-01-02,1267.0,1272.4,1255.55,1262.95,1263.3,940123.0,11885.37
2013-01-03,1265.0,1284.0,1259.95,1282.9,1280.6,1317565.0,16821.01
2013-01-04,1285.0,1301.0,1280.9,1299.0,1299.2,2614380.0,33794.17
2013-01-07,1300.0,1304.0,1290.25,1295.0,1294.85,910376.0,11799.61
2013-01-08,1295.0,1304.3,1294.3,1300.5,1300.25,1170935.0,15220.21
2013-01-09,1301.0,1307.4,1273.15,1277.0,1276.6,1567949.0,20137.78
2013-01-10,1279.9,1282.1,1255.3,1269.0,1258.4,2261419.0,28619.04
2013-01-11,1290.0,1322.5,1290.0,1305.8,1306.35,3902503.0,50933.69
2013-01-14,1319.0,1348.45,1307.35,1335.6,1334.5,2895112.0,38598.84
2013-01-15,1390.0,1400.0,1327.0,1338.05,1337.45,4131489.0,56377.75
2013-01-16,1336.9,1355.0,1309.0,1344.9,1347.75,2054746.0,27415.36
2013-01-17,1349.7,1371.8,1343.0,1360.75,1362.0,1514272.0,20637.77
2013-01-18,1362.5,1366.05,1338.05,1350.95,1351.0,720235.0,9742.03
2013-01-21,1352.5,1354.9,1327.1,1330.8,1330.0,630019.0,8416.24
2013-01-22,1326.0,1331.7,1308.1,1314.8,1317.5,693315.0,9172.69
2013-01-23,1315.75,1323.75,1298.4,1312.0,1311.95,938827.0,12290.19
2013-01-24,1305.0,1336.9,1305.0,1330.0,1328.55,1749235.0,23256.69
2013-01-25,1323.75,1345.0,1323.75,1343.0,1340.5,760550.0,10190.39
2013-01-28,1340.3,1349.95,1337.95,1345.15,1345.05,1214077.0,16331.32
2013-01-29,1341.2,1356.55,1340.3,1343.55,1344.95,865902.0,11666.23
2013-01-30,1341.0,1349.85,1335.8,1342.0,1346.15,1139572.0,15335.51
2013-01-31,1348.85,1352.45,1326.4,1343.1,1344.15,2156584.0,28987.0
2013-02-01,1344.0,1352.0,1342.15,1347.9,1348.1,742270.0,10006.7
2013-02-04,1349.0,1367.8,1345.15,1352.0,1356.35,1243652.0,16873.02
2013-02-05,1345.1,1365.0,1345.1,1361.15,1360.05,1080997.0,14702.64
2013-02-06,1362.5,1375.9,1362.0,1368.0,1370.55,1786853.0,24438.83
2013-02-07,1361.0,1390.0,1361.0,1386.0,1387.15,1306391.0,18030.13
2013-02-08,1386.0,1437.0,1385.1,1418.1,1422.6,3486809.0,49503.68
2013-02-11,1424.0,1428.9,1412.25,1413.0,1414.7,1156063.0,16385.27
2013-02-12,1409.05,1415.0,1401.85,1410.0,1410.05,1112751.0,15689.31
2013-02-13,1409.8,1441.65,1405.1,1433.5,1435.4,1911333.0,27434.48
2013-02-14,1430.1,1455.8,1429.0,1444.65,1447.7,1473479.0,21349.21
2013-02-15,1444.0,1451.8,1430.65,1440.0,1442.15,910395.0,13148.17
2013-02-18,1440.1,1441.9,1420.0,1421.45,1425.35,476043.0,6801.39
2013-02-19,1421.6,1448.9,1412.7,1445.3,1443.55,372147.0,5327.04
2013-02-20,1441.5,1457.0,1441.5,1450.0,1452.8,1130759.0,16426.87
2013-02-21,1440.7,1456.85,1440.7,1450.85,1451.05,1924573.0,27922.97
2013-02-22,1450.0,1464.05,1442.3,1456.5,1455.1,655347.0,9534.56
2013-02-25,1453.0,1475.0,1451.5,1475.0,1473.7,865015.0,12711.04
2013-02-26,1467.0,1499.95,1466.0,1499.5,1496.4,1426835.0,21217.44
2013-02-27,1495.25,1503.05,1477.3,1483.0,1483.2,1278341.0,18985.61
2013-02-28,1486.25,1525.0,1485.25,1520.7,1517.0,2299712.0,34678.98
2013-03-01,1515.1,1516.0,1498.0,1498.1,1501.85,1268663.0,19061.94
2013-03-04,1491.0,1519.9,1491.0,1519.9,1513.2,1568038.0,23632.34
2013-03-05,1517.0,1543.0,1508.6,1539.85,1540.15,1720027.0,26384.69
2013-03-06,1536.15,1565.5,1536.15,1565.5,1561.2,1149755.0,17836.16
2013-03-07,1561.0,1597.6,1559.35,1589.7,1589.9,1954351.0,30943.73
2013-03-08,1590.0,1595.65,1574.9,1582.35,1583.15,2170751.0,34358.28
2013-03-11,1575.0,1589.55,1556.65,1560.5,1566.2,1110665.0,17435.73
2013-03-12,1558.0,1567.95,1548.0,1564.1,1560.5,904726.0,14066.65
2013-03-13,1556.05,1558.7,1548.0,1552.9,1551.7,897248.0,13920.41
2013-03-14,1557.0,1577.0,1543.8,1567.65,1567.7,1525609.0,23740.11
2013-03-15,1572.0,1580.4,1560.6,1567.25,1570.25,2106199.0,33096.16
2013-03-18,1559.85,1573.65,1554.4,1568.0,1566.95,847494.0,13262.7
2013-03-19,1564.5,1564.5,1540.45,1541.9,1546.75,1869955.0,28955.61
2013-03-20,1540.0,1572.65,1539.95,1562.0,1557.65,2084068.0,32469.48
2013-03-21,1563.0,1574.4,1553.7,1566.8,1559.95,832302.0,13031.09
2013-03-22,1561.4,1562.1,1532.0,1534.0,1542.15,1357228.0,20995.36
2013-03-25,1548.5,1552.0,1528.4,1547.0,1543.35,928658.0,14319.17
2013-03-26,1540.1,1570.0,1536.15,1559.0,1556.35,890768.0,13875.22
2013-03-28,1556.0,1583.4,1541.65,1571.95,1575.75,1532831.0,23937.88
2013-04-01,1565.0,1573.7,1551.25,1552.1,1556.85,484406.0,7564.6
2013-04-02,1556.0,1571.2,1541.25,1568.0,1567.35,565166.0,8802.05
2013-04-03,1570.0,1575.0,1531.0,1545.8,1543.4,479966.0,7465.44
2013-04-04,1540.1,1540.1,1501.0,1508.95,1507.8,563169.0,8518.25
2013-04-05,1505.0,1509.35,1484.1,1493.25,1498.35,932624.0,13959.24
2013-04-08,1498.9,1498.9,1475.0,1481.05,1480.75,448208.0,6640.6
2013-04-09,1480.0,1513.0,1477.6,1500.0,1497.4,836177.0,12530.73
2013-04-10,1509.9,1538.9,1501.0,1536.75,1530.45,1023142.0,15534.77
2013-04-11,1540.0,1550.1,1520.7,1537.75,1536.9,1122329.0,17252.57
2013-04-12,1481.9,1524.5,1478.35,1512.0,1511.75,2516030.0,37863.1
2013-04-15,1513.5,1514.0,1448.35,1473.0,1472.45,2695748.0,39730.67
2013-04-16,1470.0,1493.45,1457.95,1480.0,1483.15,1535791.0,22622.94
2013-04-17,1495.0,1499.0,1431.0,1459.85,1456.65,2639502.0,38557.92
2013-04-18,1487.95,1494.9,1427.45,1443.1,1452.75,4277229.0,62075.41
2013-04-22,1446.0,1459.8,1425.0,1425.0,1425.3,1481242.0,21242.0
2013-04-23,1424.45,1448.0,1424.0,1428.95,1430.55,1692085.0,24251.21
2013-04-25,1430.55,1430.55,1398.65,1401.0,1402.3,3964597.0,55795.56
2013-04-26,1393.0,1393.45,1365.1,1366.95,1369.35,2377038.0,32672.58
2013-04-29,1365.0,1384.7,1365.0,1370.7,1370.75,1984458.0,27273.21
2013-04-30,1368.0,1382.0,1365.0,1376.35,1378.4,2010285.0,27604.27
2013-05-02,1373.5,1438.8,1373.5,1425.0,1433.9,2815163.0,39897.96
2013-05-03,1426.0,1447.25,1407.9,1420.0,1418.5,1820895.0,25986.68
2013-05-06,1420.0,1472.4,1420.0,1465.05,1467.2,1863559.0,27101.26
2013-05-07,1467.1,1478.85,1457.4,1469.3,1471.6,1130090.0,16593.52
2013-05-08,1472.0,1487.8,1470.0,1479.8,1480.1,884065.0,13090.46
2013-05-09,1483.2,1503.45,1483.0,1500.0,1498.45,974850.0,14604.7
2013-05-10,1498.45,1510.9,1491.1,1494.0,1495.9,569857.0,8542.88
2013-05-11,1495.0,1495.0,1486.1,1486.7,1489.65,28017.0,417.35
2013-05-13,1480.0,1481.0,1445.7,1451.6,1451.6,931249.0,13595.24
2013-05-14,1455.1,1470.55,1443.75,1458.0,1457.95,1125050.0,16426.46
2013-05-15,1458.1,1477.2,1450.0,1462.0,1471.55,1782963.0,26080.85
2013-05-16,1469.0,1469.0,1447.45,1455.8,1454.05,1207826.0,17555.6
2013-05-17,1455.0,1478.5,1454.1,1469.05,1473.8,1450100.0,21289.48
2013-05-20,1471.25,1478.0,1461.0,1477.7,1472.4,692752.0,10169.03
2013-05-21,1465.0,1502.0,1465.0,1493.0,1492.85,949216.0,14175.9
2013-05-22,1498.0,1509.15,1492.3,1496.7,1498.4,923472.0,13845.75
2013-05-23,1495.0,1526.75,1478.35,1496.0,1492.7,1531981.0,22975.96
2013-05-24,1500.0,1502.95,1463.6,1472.0,1469.55,793306.0,11707.75
2013-05-27,1469.5,1500.0,1460.0,1490.55,1498.0,1011932.0,15064.74
2013-05-28,1498.0,1516.5,1490.3,1514.9,1514.1,700127.0,10533.87
2013-05-29,1516.0,1527.5,1485.1,1495.0,1497.35,726019.0,10938.45
2013-05-30,1500.0,1512.0,1487.0,1508.0,1499.4,1204173.0,18062.79
2013-05-31,1491.0,1509.25,1476.75,1501.0,1498.45,964934.0,14451.47
2013-06-03,1504.0,1507.0,1457.1,1470.0,1469.4,1548806.0,22815.0
2013-06-04,1460.0,1473.9,1450.15,1464.0,1465.35,652660.0,9543.28
2013-06-05,1461.1,1472.65,1452.7,1472.4,1467.8,864338.0,12657.47
2013-06-06,1453.7,1478.5,1452.05,1472.0,1470.75,1270226.0,18664.16
2013-06-07,1470.1,1539.0,1468.0,1522.6,1518.95,1775422.0,26887.52
2013-06-10,1525.05,1544.7,1519.1,1529.15,1525.05,1680215.0,25741.58
2013-06-11,1530.2,1542.0,1492.0,1494.85,1501.55,1102734.0,16747.43
2013-06-12,1494.1,1495.1,1462.05,1470.85,1468.1,2402977.0,35394.54
2013-06-13,1460.0,1464.0,1435.1,1439.0,1445.65,1575671.0,22834.49
2013-06-14,1448.0,1457.25,1431.0,1454.0,1450.7,1552998.0,22456.12
2013-06-17,1453.0,1465.0,1428.0,1451.8,1452.45,1292081.0,18672.05
2013-06-18,1455.0,1460.0,1440.15,1442.05,1443.8,1145764.0,16577.16
2013-06-19,1454.9,1454.9,1423.55,1424.25,1427.7,1069894.0,15317.4
2013-06-20,1421.0,1433.15,1399.1,1399.1,1404.5,2086439.0,29628.32
2013-06-21,1408.8,1431.85,1408.0,1422.0,1422.25,1424112.0,20242.23
2013-06-24,1415.0,1434.1,1400.1,1412.9,1410.7,944582.0,13402.39
2013-06-25,1413.5,1427.1,1380.7,1391.0,1392.3,930274.0,13152.45
2013-06-26,1396.9,1447.75,1381.05,1446.0,1437.7,1163244.0,16548.58
2013-06-27,1447.8,1497.0,1442.0,1485.0,1491.9,1910339.0,28121.18
2013-06-28,1495.0,1524.3,1458.2,1521.0,1518.15,2408548.0,36104.86
2013-07-01,1512.0,1516.7,1483.4,1489.0,1492.35,677326.0,10128.86
2013-07-02,1493.1,1508.5,1486.65,1500.0,1500.55,828621.0,12406.45
2013-07-03,1497.7,1519.0,1465.0,1485.0,1489.8,765453.0,11417.09
2013-07-04,1490.85,1541.0,1490.0,1540.0,1538.3,958530.0,14597.26
2013-07-05,1542.0,1558.0,1522.0,1529.0,1530.2,646506.0,9962.54
2013-07-08,1528.0,1535.0,1500.0,1507.0,1506.65,829398.0,12585.3
2013-07-09,1495.3,1521.75,1495.3,1504.15,1504.9,548663.0,8270.23
2013-07-10,1510.0,1526.8,1498.0,1519.0,1511.95,661312.0,9986.91
2013-07-11,1520.0,1570.0,1520.0,1560.0,1564.55,1167637.0,18114.57
2013-07-12,1595.0,1624.8,1579.3,1610.0,1609.85,1625768.0,26126.81
2013-07-15,1601.1,1647.3,1599.3,1640.0,1641.75,1030285.0,16844.79
2013-07-16,1625.0,1666.35,1617.6,1647.0,1649.35,1112493.0,18362.04
2013-07-17,1645.05,1684.95,1645.05,1675.0,1678.5,1499625.0,25110.29
2013-07-18,1680.0,1692.3,1644.0,1658.5,1660.4,1722766.0,28664.03
2013-07-19,1719.0,1759.0,1700.0,1743.0,1742.8,4275402.0,74307.0
2013-07-22,1741.0,1758.8,1728.3,1747.85,1746.5,1487386.0,25970.09
2013-07-23,1748.0,1780.45,1743.6,1750.0,1749.8,823251.0,14460.52
2013-07-24,1748.5,1792.0,1745.0,1783.0,1782.8,1090822.0,19403.55
2013-07-25,1780.0,1810.0,1766.7,1788.0,1795.75,2044404.0,36508.16
2013-07-26,1795.0,1798.95,1750.1,1770.0,1774.5,1189532.0,21162.32
2013-07-29,1758.0,1794.6,1757.25,1776.95,1779.2,887131.0,15782.99
2013-07-30,1780.0,1804.95,1775.45,1789.6,1792.3,1308742.0,23486.95
2013-07-31,1790.0,1831.5,1789.45,1814.0,1815.5,1413375.0,25690.97
2013-08-01,1810.05,1834.8,1790.0,1816.0,1815.4,1070589.0,19467.11
2013-08-02,1819.7,1849.9,1816.7,1843.0,1845.85,923427.0,17016.66
2013-08-05,1840.0,1877.4,1840.0,1864.7,1867.2,1177592.0,22000.91
2013-08-06,1873.0,1881.95,1864.65,1871.0,1870.1,1152645.0,21571.73
2013-08-07,1874.0,1890.9,1813.45,1818.95,1822.7,1347490.0,24938.83
2013-08-08,1805.1,1856.15,1783.7,1846.0,1845.4,1079314.0,19747.32
2013-08-12,1841.0,1841.0,1808.15,1822.0,1814.0,1038787.0,18888.13
2013-08-13,1820.2,1844.85,1809.95,1820.0,1819.8,1084148.0,19800.34
2013-08-14,1824.5,1858.0,1802.0,1842.0,1833.5,1651034.0,30286.56
2013-08-16,1824.2,1830.0,1755.55,1779.0,1780.9,1389965.0,24872.33
2013-08-19,1798.0,1807.0,1755.55,1770.0,1777.45,1060676.0,18909.38
2013-08-20,1789.8,1789.8,1730.0,1739.0,1736.4,1362422.0,23768.21
2013-08-21,1740.1,1743.7,1701.15,1720.0,1717.8,1811997.0,31155.85
2013-08-22,1705.0,1797.15,1695.2,1774.0,1778.95,2130494.0,36949.49
2013-08-23,1794.0,1838.0,1784.3,1822.0,1829.45,2016442.0,36608.41
2013-08-26,1823.1,1878.6,1814.0,1850.05,1842.0,1331619.0,24690.29
2013-08-27,1839.0,1878.85,1830.0,1838.0,1838.8,972642.0,18075.47
2013-08-28,1828.0,1946.1,1828.0,1900.0,1907.9,2222342.0,42347.1
2013-08-29,1901.0,1970.0,1878.3,1930.0,1947.1,2952591.0,57285.11
2013-08-30,1939.0,2050.0,1930.0,2030.0,2033.2,2641471.0,52996.67
2013-09-02,2020.0,2069.0,2017.5,2057.0,2056.85,1077017.0,22046.27
2013-09-03,2050.1,2067.0,1986.15,1989.45,2001.1,1177532.0,23957.79
2013-09-04,2000.0,2078.8,1993.95,2075.0,2069.1,1313258.0,26984.57
2013-09-05,2069.0,2069.0,1981.05,1994.0,1990.75,1963746.0,39414.61
2013-09-06,2009.0,2025.0,1975.0,1980.0,1988.8,1379798.0,27568.85
2013-09-10,1986.0,2016.7,1981.0,1989.95,1987.9,2150486.0,42890.31
2013-09-11,2008.0,2018.0,1983.5,1987.95,1993.8,1504247.0,30072.23
2013-09-12,1995.0,1998.55,1945.8,1969.0,1967.9,952784.0,18698.29
2013-09-13,1965.0,1990.0,1946.55,1961.7,1953.75,1048160.0,20580.02
2013-09-16,1950.0,1985.0,1894.05,1895.6,1902.55,1230253.0,23596.54
2013-09-17,1900.0,1952.55,1897.1,1944.3,1947.45,1663908.0,32102.41
2013-09-18,1942.05,1964.8,1937.9,1951.0,1954.5,1054909.0,20600.93
2013-09-19,1948.0,1990.0,1926.5,1958.0,1966.3,1953620.0,38413.23
2013-09-20,1950.0,1989.9,1941.0,1952.3,1950.3,1795929.0,35295.64
2013-09-23,1950.0,1977.2,1940.0,1957.0,1955.1,1494379.0,29327.62
2013-09-24,1955.0,1977.9,1926.0,1941.0,1939.5,2470150.0,48174.63
2013-09-25,1941.5,1970.95,1920.2,1953.25,1959.05,2166929.0,42087.25
2013-09-26,1954.8,1974.1,1935.1,1942.95,1942.9,2459852.0,47979.1
2013-09-27,1943.1,1961.95,1937.45,1945.1,1948.1,892333.0,17411.51
2013-09-30,1954.0,1961.85,1920.0,1922.5,1927.8,993675.0,19308.1
2013-10-01,1932.0,1954.85,1916.7,1950.0,1949.05,795997.0,15472.66
2013-10-03,1971.8,2036.9,1960.4,2024.0,2024.6,2336177.0,47186.7
2013-10-04,2032.0,2069.0,2026.95,2038.6,2033.6,967016.0,19837.78
2013-10-07,2035.0,2097.7,2025.3,2095.75,2089.75,996939.0,20574.01
2013-10-08,2083.0,2098.0,2056.55,2066.05,2061.45,914053.0,18963.92
2013-10-09,2055.5,2097.65,2045.1,2090.55,2090.85,887929.0,18388.6
2013-10-10,2088.0,2098.0,2067.25,2088.0,2080.0,582160.0,12107.19
2013-10-11,2103.0,2138.0,2082.4,2128.0,2122.05,1142224.0,24179.67
2013-10-14,2127.5,2225.0,2125.0,2218.5,2212.75,2187230.0,47925.8
2013-10-15,2235.0,2258.85,2201.0,2216.0,2215.4,2332546.0,52014.07
2013-10-17,2230.0,2230.0,2095.7,2099.0,2108.45,3343607.0,71793.49
2013-10-18,2104.8,2133.8,2061.55,2119.0,2120.65,2673083.0,56260.12
2013-10-21,2125.0,2127.95,2050.0,2076.8,2071.65,1842686.0,38149.0
2013-10-22,2088.0,2107.65,2076.85,2088.0,2089.35,1022307.0,21388.22
2013-10-23,2088.5,2103.0,2046.15,2054.0,2061.15,1227748.0,25339.77
2013-10-24,2042.0,2082.35,2001.85,2007.95,2008.7,1808879.0,36840.83
2013-10-25,1995.0,2072.0,1995.0,2065.0,2067.75,1263701.0,25872.81
2013-10-28,2068.0,2089.8,2052.55,2066.0,2063.95,901971.0,18641.76
2013-10-29,2065.0,2085.8,2047.9,2073.85,2069.8,914538.0,18884.67
2013-10-30,2070.25,2100.0,2070.25,2094.7,2091.95,1057437.0,22095.37
2013-10-31,2089.0,2129.0,2079.4,2108.0,2112.05,1761538.0,37072.57
2013-11-01,2110.0,2141.95,2091.1,2096.0,2097.6,673240.0,14198.66
2013-11-03,2100.0,2109.4,2095.2,2099.0,2099.0,65452.0,1375.5
2013-11-05,2100.0,2105.0,2031.7,2043.85,2042.0,1130643.0,23247.14
2013-11-06,2063.0,2103.55,2059.05,2093.1,2091.1,833875.0,17387.59
2013-11-07,2100.0,2148.15,2080.3,2116.0,2121.95,978474.0,20788.94
2013-11-08,2130.0,2131.75,2071.2,2088.7,2090.85,804673.0,16879.36
2013-11-11,2090.0,2140.0,2050.0,2099.95,2094.65,980569.0,20714.29
2013-11-12,2096.85,2121.7,2079.0,2080.0,2087.15,500341.0,10502.62
2013-11-13,2098.95,2106.2,2043.65,2048.8,2049.0,604169.0,12506.07
2013-11-14,2072.0,2072.0,2021.85,2026.3,2026.2,1064852.0,21702.16
2013-11-18,2046.0,2059.9,2032.25,2050.0,2044.0,1415801.0,28993.16
2013-11-19,2049.95,2055.0,2021.2,2031.95,2029.9,1038932.0,21108.82
2013-11-20,2046.85,2049.9,2017.0,2026.0,2023.6,829348.0,16890.63
2013-11-21,2023.2,2034.7,1980.0,1989.95,1986.6,1151441.0,23067.57
2013-11-22,1991.0,2011.0,1985.1,2003.9,2000.85,747247.0,14942.99
2013-11-25,2008.0,2026.85,1993.1,2012.0,2013.25,975499.0,19603.53
2013-11-26,2003.1,2016.45,1987.0,1991.0,1993.7,1023706.0,20428.66
2013-11-27,2009.0,2013.7,1975.0,1979.8,1986.45,1060489.0,21145.48
2013-11-28,1993.1,1996.55,1970.0,1986.9,1984.6,1402861.0,27816.07
2013-11-29,1992.0,2014.7,1981.8,2005.05,2004.35,962406.0,19277.39
2013-12-02,1995.0,2021.0,1995.0,2020.0,2013.9,626630.0,12598.46
2013-12-03,2016.05,2042.0,2015.05,2018.85,2020.8,724592.0,14698.88
2013-12-04,2019.9,2031.6,1993.65,2003.5,2000.05,759518.0,15294.37
2013-12-05,2016.0,2033.55,1983.05,1984.8,1987.15,698595.0,13955.72
2013-12-06,1991.0,2010.0,1991.0,2001.0,2000.3,723481.0,14479.22
2013-12-09,2029.0,2029.95,2000.0,2002.0,2004.85,913170.0,18348.93
2013-12-10,2000.0,2089.0,2000.0,2087.0,2082.75,1826667.0,37726.32
2013-12-11,2079.0,2086.85,2043.0,2056.0,2058.05,778031.0,16021.95
2013-12-12,2045.0,2064.0,2025.1,2028.0,2028.9,827982.0,16847.26
2013-12-13,2037.95,2045.0,1995.0,2007.0,2001.8,1731675.0,34888.85
2013-12-16,2013.7,2039.8,2005.15,2020.2,2019.15,1429250.0,28906.96
2013-12-17,2031.6,2065.85,2030.0,2045.3,2045.35,1497737.0,30725.16
2013-12-18,2040.0,2071.0,2038.0,2055.5,2055.8,793995.0,16349.42
2013-12-19,2075.95,2110.0,2062.65,2086.1,2081.5,1080993.0,22553.05
2013-12-20,2088.1,2130.0,2085.85,2128.15,2120.55,982906.0,20757.08
2013-12-23,2129.95,2143.45,2097.95,2113.3,2109.05,660612.0,13974.42
2013-12-24,2119.8,2129.0,2104.25,2109.0,2110.7,435078.0,9210.06
2013-12-26,2115.0,2117.0,2091.45,2094.0,2100.3,1148597.0,24183.2
2013-12-27,2107.0,2169.9,2105.0,2165.15,2160.65,1239973.0,26600.42
2013-12-30,2170.0,2175.25,2146.7,2159.0,2156.05,834388.0,18022.65
2013-12-31,2160.1,2184.95,2150.9,2174.25,2172.05,622888.0,13528.32
2014-01-01,2180.1,2184.5,2151.1,2153.7,2153.3,264976.0,5722.28
2014-01-02,2166.0,2189.0,2156.15,2167.95,2167.0,863474.0,18745.65
2014-01-03,2164.7,2229.1,2147.25,2224.1,2222.2,1309087.0,28887.57
2014-01-06,2229.0,2244.0,2197.0,2234.8,2239.6,1155905.0,25709.41
2014-01-07,2240.0,2256.45,2199.0,2207.9,2206.15,1448743.0,32276.13
2014-01-08,2212.0,2244.0,2210.0,2229.95,2232.65,1275010.0,28439.55
2014-01-09,2228.75,2255.5,2222.1,2239.0,2241.95,1291103.0,28910.57
2014-01-10,2260.0,2309.8,2235.0,2290.0,2280.9,1684667.0,38360.72
2014-01-13,2285.0,2384.0,2285.0,2380.0,2368.75,1907158.0,44724.03
2014-01-14,2372.0,2384.8,2320.0,2330.0,2326.75,1487482.0,34792.23
2014-01-15,2342.45,2378.2,2327.0,2361.0,2353.6,1524427.0,35878.31
2014-01-16,2380.0,2380.1,2325.0,2359.0,2350.3,1498981.0,35197.43
2014-01-17,2298.0,2298.0,2206.05,2219.85,2213.05,3782378.0,84858.41
2014-01-20,2218.95,2350.0,2215.5,2334.9,2338.2,3005279.0,69055.29
2014-01-21,2334.0,2339.25,2275.1,2285.25,2280.3,1566141.0,35974.18
2014-01-22,2287.1,2296.85,2264.1,2270.35,2274.05,1192015.0,27163.33
2014-01-23,2268.1,2276.7,2237.3,2254.15,2252.45,1145381.0,25831.4
2014-01-24,2244.0,2283.25,2235.0,2249.0,2248.7,925133.0,20954.26
2014-01-27,2226.0,2259.5,2220.1,2237.0,2229.6,1266474.0,28350.22
2014-01-28,2232.0,2247.85,2196.1,2215.0,2212.35,1426083.0,31638.27
2014-01-29,2240.0,2240.0,2205.0,2213.05,2209.8,849038.0,18834.55
2014-01-30,2198.05,2227.0,2190.0,2222.25,2217.6,1112625.0,24515.83
2014-01-31,2225.1,2269.8,2221.0,2230.95,2241.05,1087123.0,24483.26
2014-02-03,2222.0,2244.25,2190.8,2192.7,2194.45,681240.0,15023.76
2014-02-04,2174.0,2175.0,2112.05,2162.0,2151.35,1347083.0,28862.2
2014-02-05,2163.8,2200.0,2140.0,2196.25,2194.4,926825.0,20135.85
2014-02-06,2180.0,2189.9,2145.0,2169.6,2175.25,961326.0,20854.36
2014-02-07,2190.0,2195.0,2131.0,2142.9,2144.4,995456.0,21477.29
2014-02-10,2144.0,2144.0,2085.1,2092.55,2093.55,2009635.0,42318.76
2014-02-11,2100.0,2126.5,2096.0,2100.0,2101.7,1784393.0,37674.68
2014-02-12,2118.0,2123.6,2095.0,2098.8,2105.45,1537174.0,32461.7
2014-02-13,2107.0,2138.4,2096.5,2137.9,2133.75,1047175.0,22250.23
2014-02-14,2137.9,2184.75,2128.1,2163.5,2167.9,955031.0,20662.92
2014-02-17,2160.0,2186.0,2147.2,2164.7,2165.4,835197.0,18101.53
2014-02-18,2165.0,2191.0,2155.85,2161.1,2166.0,763458.0,16612.58
2014-02-19,2170.0,2215.0,2162.25,2213.0,2197.95,536459.0,11719.5
2014-02-20,2206.0,2222.0,2182.8,2188.2,2189.35,793962.0,17499.99
2014-02-21,2198.0,2213.0,2190.75,2203.0,2205.7,858930.0,18935.82
2014-02-24,2204.0,2205.25,2170.1,2177.95,2177.9,1225212.0,26684.91
2014-02-25,2189.0,2199.5,2180.0,2186.8,2188.9,1652687.0,36217.73
2014-02-26,2194.0,2195.0,2177.15,2183.95,2182.15,1929856.0,42138.22
2014-02-28,2161.0,2280.0,2160.15,2271.85,2275.75,1994096.0,44923.55
2014-03-03,2271.8,2299.0,2228.0,2232.15,2240.05,803039.0,18123.4
2014-03-04,2233.2,2254.0,2224.0,2240.2,2240.65,1015166.0,22743.68
2014-03-05,2254.85,2286.25,2242.55,2247.15,2251.9,1151003.0,26011.9
2014-03-06,2252.85,2260.0,2232.15,2240.0,2240.75,657281.0,14733.8
2014-03-07,2245.5,2250.05,2152.8,2225.05,2228.5,2349236.0,51649.07
2014-03-10,2228.1,2228.5,2135.0,2145.0,2142.65,1914884.0,41385.81
2014-03-11,2155.0,2177.65,2122.0,2155.1,2151.65,1275127.0,27443.13
2014-03-12,2153.0,2189.75,2153.0,2177.05,2179.45,834894.0,18163.41
2014-03-13,2148.05,2202.0,2136.85,2146.7,2149.55,1009942.0,21935.25
2014-03-14,2141.0,2160.5,2124.3,2138.0,2139.55,1080623.0,23143.23
2014-03-18,2135.5,2151.8,2104.25,2113.95,2122.0,1282921.0,27297.23
2014-03-19,2075.0,2075.0,2013.05,2037.8,2039.4,4326331.0,87984.31
2014-03-20,2038.0,2122.9,2011.4,2107.0,2108.2,2864478.0,59581.17
2014-03-21,2125.0,2145.0,2085.0,2126.0,2127.0,2340388.0,49562.37
2014-03-22,2125.0,2141.9,2115.45,2123.25,2128.25,94751.0,2019.65
2014-03-24,2136.95,2157.95,2126.15,2149.95,2152.6,1091507.0,23395.91
2014-03-25,2144.0,2172.0,2130.0,2145.2,2146.65,1124984.0,24184.36
2014-03-26,2148.05,2158.5,2087.55,2100.0,2093.5,1596175.0,33712.23
2014-03-27,2100.95,2115.0,2065.05,2105.0,2094.25,2506238.0,52315.9
2014-03-28,2097.0,2122.85,2080.05,2100.3,2102.1,1485581.0,31209.07
2014-03-31,2104.0,2144.95,2082.0,2139.0,2133.15,1341634.0,28341.17
2014-04-01,2145.0,2185.0,2144.9,2175.4,2176.7,1377966.0,29939.67
2014-04-02,2190.0,2202.0,2161.05,2164.95,2172.25,1881508.0,41100.02
2014-04-03,2172.85,2182.0,2147.6,2170.0,2166.5,790597.0,17094.72
2014-04-04,2172.0,2187.0,2130.0,2138.0,2138.85,847328.0,18273.57
2014-04-07,2130.1,2165.95,2120.7,2159.75,2153.8,1297493.0,27789.26
2014-04-09,2152.0,2162.0,2105.0,2135.0,2140.4,1675250.0,35632.51
2014-04-10,2140.4,2148.65,2115.2,2125.0,2126.15,1076443.0,22918.03
2014-04-11,2118.0,2174.9,2100.0,2161.5,2164.1,1170371.0,24979.23
2014-04-15,2181.0,2258.0,2174.05,2254.5,2252.75,1798622.0,39935.02
2014-04-16,2264.0,2264.0,2184.2,2187.95,2196.3,1737955.0,38383.84
2014-04-17,2220.0,2227.0,2142.7,2223.4,2222.9,3840719.0,84666.65
2014-04-21,2220.0,2242.9,2211.3,2219.95,2221.75,921297.0,20487.99
2014-04-22,2233.95,2249.9,2219.9,2222.4,2221.05,743137.0,16552.05
2014-04-23,2231.4,2243.9,2201.1,2210.0,2213.75,969496.0,21501.41
2014-04-25,2227.0,2235.0,2193.2,2203.85,2205.25,1580224.0,34823.0
2014-04-28,2205.25,2222.7,2180.1,2186.65,2191.35,1275383.0,28000.13
2014-04-29,2186.0,2206.35,2176.9,2195.0,2194.25,923090.0,20262.4
2014-04-30,2185.1,2205.6,2181.0,2191.0,2189.2,1198689.0,26258.0
2014-05-02,2181.25,2219.9,2181.25,2208.45,2208.45,958889.0,21166.25
2014-05-05,2210.8,2229.0,2204.15,2209.6,2213.7,657239.0,14594.89
2014-05-06,2213.7,2221.6,2190.0,2199.5,2198.9,480616.0,10564.78
2014-05-07,2191.05,2203.0,2140.1,2165.0,2165.55,2358091.0,51068.96
2014-05-08,2165.1,2181.8,2147.65,2155.0,2162.05,1303450.0,28164.12
2014-05-09,2152.0,2184.7,2152.0,2162.0,2159.9,899720.0,19534.98
2014-05-12,2153.0,2166.7,2123.15,2164.85,2159.35,1443032.0,30988.63
2014-05-13,2165.8,2239.0,2165.8,2209.0,2210.95,1273742.0,28043.56
2014-05-14,2214.4,2237.7,2201.1,2217.5,2216.1,694614.0,15410.7
2014-05-15,2216.1,2225.0,2171.15,2196.75,2193.15,1260098.0,27608.69
2014-05-16,2200.05,2253.4,2100.25,2160.0,2160.75,2620899.0,57209.86
2014-05-19,2150.0,2160.0,1999.5,2026.0,2036.7,3258303.0,66340.51
2014-05-20,2028.0,2160.0,2028.0,2062.0,2068.2,2351057.0,48641.14
2014-05-21,2061.2,2089.0,2055.8,2083.0,2082.85,2058473.0,42722.02
2014-05-22,2096.75,2124.0,2075.1,2108.0,2111.95,2108421.0,44450.7
2014-05-23,2119.0,2149.0,2096.0,2129.85,2127.9,1547390.0,32901.39
2014-05-26,2149.0,2169.6,2133.6,2155.05,2154.0,1325425.0,28511.63
2014-05-27,2160.15,2184.6,2118.0,2132.0,2131.45,897547.0,19235.39
2014-05-28,2140.0,2158.75,2122.45,2152.0,2150.55,943744.0,20259.39
2014-05-29,2145.0,2180.0,2135.2,2163.85,2159.95,1410355.0,30424.25
2014-05-30,2158.8,2167.0,2130.15,2144.75,2141.35,1292824.0,27681.39
2014-06-02,2144.0,2157.75,2116.05,2133.85,2129.85,547579.0,11650.89
2014-06-03,2129.85,2138.0,2105.2,2129.95,2128.6,1242314.0,26441.25
2014-06-04,2130.0,2134.9,2077.0,2088.0,2089.25,1070531.0,22367.13
2014-06-05,2083.1,2116.4,2068.0,2100.15,2104.15,2174235.0,45498.95
2014-06-06,2100.15,2107.8,2056.0,2085.0,2084.25,1680793.0,34884.15
2014-06-09,2087.0,2118.0,2080.0,2114.95,2113.8,1333098.0,28119.54
2014-06-10,2115.0,2160.95,2115.0,2155.55,2158.15,1314034.0,28164.77
2014-06-11,2165.0,2214.0,2138.2,2204.2,2206.95,1772281.0,38767.93
2014-06-12,2249.0,2254.0,2183.8,2238.1,2237.35,1367169.0,30391.48
2014-06-13,2238.0,2239.0,2185.05,2220.0,2213.55,952011.0,21001.51
2014-06-16,2210.0,2276.95,2210.0,2270.0,2269.75,1219953.0,27588.1
2014-06-17,2284.9,2297.0,2271.0,2275.0,2279.85,959072.0,21899.17
2014-06-18,2293.0,2293.0,2221.3,2221.3,2227.05,974412.0,21846.0
2014-06-19,2230.0,2289.0,2210.1,2280.15,2276.05,948177.0,21354.94
2014-06-20,2284.9,2299.0,2262.0,2286.2,2292.4,577837.0,13204.4
2014-06-23,2293.0,2299.9,2254.05,2260.1,2268.85,631367.0,14334.11
2014-06-24,2269.0,2319.5,2255.0,2314.9,2309.05,739550.0,16938.05
2014-06-25,2310.0,2320.0,2293.0,2299.9,2310.55,514211.0,11879.49
2014-06-26,2296.0,2344.15,2291.15,2304.0,2307.65,1018091.0,23544.07
2014-06-27,2317.0,2406.9,2315.0,2400.1,2399.55,1529418.0,36460.94
2014-06-30,2400.55,2435.0,2376.6,2413.95,2425.4,1073235.0,25907.6
2014-07-01,2418.9,2419.0,2382.3,2391.3,2390.75,546395.0,13093.83
2014-07-02,2400.0,2411.75,2383.5,2401.1,2401.6,453870.0,10882.76
2014-07-03,2399.0,2445.0,2392.0,2410.0,2417.9,763381.0,18482.64
2014-07-04,2412.4,2425.5,2401.0,2416.1,2410.5,268068.0,6467.76
2014-07-07,2420.05,2498.0,2410.4,2490.0,2488.55,1102451.0,27267.08
2014-07-08,2484.95,2486.15,2433.25,2444.5,2449.45,1250294.0,30735.34
2014-07-09,2470.0,2472.65,2381.6,2400.0,2398.15,777121.0,18812.34
2014-07-10,2399.55,2419.6,2335.0,2345.9,2351.8,995281.0,23640.14
2014-07-11,2371.0,2410.0,2361.1,2410.0,2394.45,664723.0,15895.71
2014-07-14,2418.8,2439.0,2385.25,2428.0,2426.25,793962.0,19198.34
2014-07-15,2426.2,2430.0,2393.75,2400.95,2399.3,694828.0,16704.74
2014-07-16,2409.65,2424.0,2386.85,2404.0,2401.85,703620.0,16909.14
2014-07-17,2410.0,2429.8,2375.0,2379.95,2381.95,895110.0,21441.88
2014-07-18,2452.0,2485.0,2435.0,2445.0,2441.2,1753744.0,43163.28
2014-07-21,2468.0,2469.85,2443.05,2462.0,2463.75,490536.0,12049.63
2014-07-22,2465.0,2540.0,2461.9,2530.15,2532.4,1199508.0,29940.76
2014-07-23,2540.0,2596.3,2532.3,2580.0,2586.15,1032929.0,26588.67
2014-07-24,2594.9,2602.0,2567.0,2591.0,2595.2,740709.0,19140.67
2014-07-25,2594.0,2614.35,2567.0,2610.0,2605.75,903457.0,23379.85
2014-07-28,2577.15,2599.65,2555.0,2584.4,2589.3,657461.0,16959.94
2014-07-30,2584.8,2610.0,2572.6,2585.0,2595.05,949626.0,24614.87
2014-07-31,2575.1,2598.0,2569.25,2582.0,2580.05,1203605.0,31048.13
2014-08-01,2575.0,2587.95,2510.0,2516.0,2516.4,1190941.0,30328.61
2014-08-04,2532.0,2541.9,2488.0,2527.5,2526.05,914318.0,23022.34
2014-08-05,2544.9,2545.0,2490.1,2524.0,2523.7,702328.0,17700.23
2014-08-06,2516.15,2534.85,2490.25,2512.55,2506.65,918781.0,23068.77
2014-08-07,2490.0,2495.0,2459.05,2468.9,2469.8,836328.0,20680.08
2014-08-08,2465.0,2507.7,2465.0,2479.0,2478.7,732395.0,18199.29
2014-08-11,2490.9,2495.55,2455.0,2464.3,2468.4,645448.0,15976.44
2014-08-12,2489.9,2489.9,2440.2,2469.65,2471.75,492276.0,12108.57
2014-08-13,2470.0,2530.0,2470.0,2500.0,2500.05,1384189.0,34619.57
2014-08-14,2514.0,2532.0,2490.05,2496.0,2499.75,789028.0,19805.87
2014-08-18,2491.05,2505.0,2470.0,2481.0,2487.6,686630.0,17067.32
2014-08-19,2500.0,2504.9,2435.0,2438.0,2438.5,1617078.0,39558.44
2014-08-20,2444.5,2455.05,2430.05,2438.85,2436.2,1028379.0,25088.95
2014-08-21,2447.0,2460.0,2430.0,2432.5,2432.45,1132725.0,27640.09
2014-08-22,2444.0,2468.2,2435.8,2462.0,2464.2,1548119.0,38009.86
2014-08-25,2470.0,2528.5,2466.9,2521.7,2522.05,1571756.0,39474.96
2014-08-26,2529.0,2550.0,2500.0,2528.45,2533.8,907745.0,23008.52
2014-08-27,2534.0,2567.4,2514.05,2547.9,2549.95,717730.0,18320.13
2014-08-28,2547.0,2549.3,2513.0,2516.7,2522.35,883144.0,22331.22
2014-09-01,2525.4,2560.0,2523.05,2538.75,2537.15,405074.0,10306.48
2014-09-02,2545.8,2554.8,2514.1,2542.0,2537.9,703970.0,17891.05
2014-09-03,2539.0,2616.0,2539.0,2602.9,2606.4,1530845.0,39775.9
2014-09-04,2622.0,2627.45,2577.45,2577.65,2584.75,850799.0,22075.74
2014-09-05,2599.9,2621.8,2583.05,2595.5,2598.6,733530.0,19073.75
2014-09-08,2612.0,2650.0,2599.05,2640.0,2642.7,848671.0,22315.3
2014-09-09,2652.0,2667.0,2625.1,2631.0,2631.25,709049.0,18716.3
2014-09-10,2638.0,2642.75,2591.2,2609.1,2600.15,629384.0,16479.23
2014-09-11,2610.0,2624.4,2591.5,2599.0,2598.35,537811.0,14003.32
2014-09-12,2610.0,2624.35,2593.2,2609.85,2607.6,598105.0,15605.04
2014-09-15,2614.0,2618.6,2554.0,2559.95,2558.3,575772.0,14799.69
2014-09-16,2566.0,2575.0,2544.0,2557.05,2550.85,767804.0,19630.23
2014-09-17,2561.0,2604.75,2561.0,2591.0,2591.2,828850.0,21438.84
2014-09-18,2591.7,2651.8,2581.0,2631.0,2642.3,741539.0,19483.09
2014-09-19,2643.0,2740.0,2642.0,2700.0,2714.2,1793932.0,48611.71
2014-09-22,2714.0,2734.0,2676.25,2728.0,2721.8,499792.0,13503.59
2014-09-23,2724.0,2782.45,2683.3,2694.0,2688.2,1027995.0,27979.79
2014-09-24,2693.0,2706.95,2632.75,2651.25,2643.0,1221066.0,32444.59
2014-09-25,2660.95,2725.0,2660.0,2715.0,2708.6,1236579.0,33398.34
2014-09-26,2710.0,2724.9,2670.1,2685.0,2684.0,806356.0,21700.25
2014-09-29,2695.4,2775.45,2675.3,2774.0,2767.95,1044767.0,28736.09
2014-09-30,2772.95,2776.65,2708.15,2736.95,2736.6,1394477.0,38195.87
2014-10-01,2752.0,2802.0,2737.0,2775.0,2775.6,1071011.0,29766.72
2014-10-07,2739.6,2839.7,2725.6,2730.9,2731.35,1728837.0,47951.5
2014-10-08,2738.0,2739.95,2649.25,2688.0,2683.2,981221.0,26302.54
2014-10-09,2708.0,2723.3,2686.5,2710.1,2706.05,842588.0,22802.93
2014-10-10,2706.0,2727.45,2668.5,2679.0,2678.5,1172181.0,31586.01
2014-10-13,2680.0,2724.8,2670.0,2718.2,2716.55,1104766.0,29922.2
2014-10-14,2730.0,2735.7,2678.8,2702.25,2699.2,1184703.0,31961.16
2014-10-16,2730.0,2758.6,2664.25,2680.45,2678.1,1924007.0,52267.18
2014-10-17,2475.0,2511.35,2430.0,2433.0,2441.15,4946406.0,122181.59
2014-10-20,2490.0,2493.6,2417.95,2425.5,2423.3,1699621.0,41490.24
2014-10-21,2425.85,2443.75,2415.0,2435.0,2433.4,975366.0,23689.96
2014-10-22,2485.0,2489.0,2445.1,2452.6,2451.85,1033832.0,25385.85
2014-10-23,2465.0,2468.0,2455.0,2464.0,2465.35,156299.0,3850.57
2014-10-27,2519.0,2519.7,2444.95,2458.15,2457.15,1398604.0,34507.27
2014-10-28,2484.9,2484.9,2453.45,2479.2,2478.6,1144979.0,28301.84
2014-10-29,2475.0,2514.0,2473.0,2504.0,2506.05,1212508.0,30238.08
2014-10-30,2521.8,2574.9,2509.0,2563.0,2558.2,2055646.0,52426.3
2014-10-31,2561.0,2620.0,2561.0,2614.55,2607.85,1585035.0,41101.93
2014-11-03,2649.0,2649.0,2580.5,2596.0,2590.35,1270816.0,33096.58
2014-11-05,2638.0,2638.0,2590.0,2605.0,2599.5,1155321.0,30049.48
2014-11-07,2604.8,2615.7,2557.0,2570.0,2572.85,1063370.0,27387.68
2014-11-10,2575.1,2582.0,2551.0,2575.0,2569.65,770982.0,19759.65
2014-11-11,2578.0,2594.0,2555.4,2574.4,2580.7,624970.0,16101.78
2014-11-12,2580.0,2611.0,2575.0,2595.0,2591.75,660291.0,17160.66
2014-11-13,2595.0,2604.9,2565.15,2590.0,2588.45,822770.0,21276.31
2014-11-14,2585.2,2611.15,2575.0,2598.95,2606.45,728587.0,18896.44
2014-11-17,2595.1,2625.0,2592.25,2615.0,2618.3,785276.0,20492.85
2014-11-18,2620.0,2626.65,2579.75,2585.7,2585.85,733513.0,19056.57
2014-11-19,2598.0,2598.0,2557.45,2577.8,2573.75,932873.0,23983.06
2014-11-20,2588.0,2610.25,2560.55,2608.5,2605.45,897693.0,23245.23
2014-11-21,2608.0,2640.0,2586.65,2615.05,2622.15,1000797.0,26167.12
2014-11-24,2622.0,2665.0,2622.0,2662.0,2657.7,971383.0,25704.43
2014-11-25,2660.0,2679.4,2616.0,2647.2,2636.0,1185842.0,31284.82
2014-11-26,2630.05,2656.35,2615.0,2625.15,2627.3,792400.0,20838.65
2014-11-27,2627.3,2668.0,2625.3,2658.0,2653.3,866209.0,22885.72
2014-11-28,2658.35,2691.9,2635.35,2642.6,2643.0,994884.0,26396.99
2014-12-01,2650.5,2700.0,2645.25,2691.9,2692.95,948177.0,25456.2
2014-12-02,2693.0,2710.95,2649.35,2651.4,2657.3,718286.0,19264.97
2014-12-03,2671.9,2673.4,2618.5,2635.15,2635.35,1547335.0,40777.29
2014-12-04,2664.0,2667.0,2629.9,2642.0,2637.95,642654.0,16987.8
2014-12-05,2640.9,2649.8,2572.15,2575.0,2578.95,1179838.0,30553.32
2014-12-08,2595.0,2595.0,2501.65,2515.7,2512.8,1616287.0,40762.99
2014-12-09,2516.0,2559.0,2509.1,2511.65,2514.85,1243970.0,31507.9
2014-12-10,2515.0,2531.9,2496.2,2506.7,2507.9,1043985.0,26229.6
2014-12-11,2500.6,2522.9,2487.0,2496.65,2492.15,969411.0,24290.18
2014-12-12,2500.0,2520.0,2422.65,2455.0,2450.7,1190393.0,29275.64
2014-12-15,2384.9,2385.0,2352.25,2365.0,2358.65,1743894.0,41341.48
2014-12-16,2350.0,2459.25,2345.0,2449.0,2443.05,1669570.0,40517.31
2014-12-17,2453.4,2470.0,2405.25,2449.0,2444.1,1143538.0,27964.19
2014-12-18,2455.1,2468.5,2434.8,2454.0,2460.7,740722.0,18174.17
2014-12-19,2471.3,2523.75,2468.0,2521.95,2510.55,951565.0,23821.41
2014-12-22,2526.0,2529.0,2474.4,2513.65,2513.4,821977.0,20513.78
2014-12-23,2500.0,2536.65,2494.6,2517.0,2516.7,633238.0,15921.11
2014-12-24,2515.0,2520.85,2465.65,2485.0,2479.9,1644486.0,40870.36
2014-12-26,2486.0,2510.0,2465.0,2509.35,2505.0,313103.0,7791.43
2014-12-29,2508.0,2536.95,2507.0,2521.4,2522.9,389460.0,9823.96
2014-12-30,2525.0,2542.45,2516.0,2530.0,2530.05,350671.0,8872.56
2014-12-31,2532.7,2566.4,2525.0,2564.0,2558.25,786896.0,20026.76
2015-01-01,2567.0,2567.0,2541.0,2550.0,2545.55,183415.0,4674.34
2015-01-02,2551.0,2590.95,2550.6,2588.4,2579.45,462870.0,11887.4
2015-01-05,2581.0,2599.9,2524.65,2538.1,2540.25,877121.0,22488.86
2015-01-06,2529.1,2529.1,2440.0,2450.05,2446.6,1211892.0,29896.15
2015-01-07,2470.0,2479.15,2407.45,2426.9,2417.7,1318166.0,32083.62
2015-01-08,2442.4,2449.0,2420.55,2446.0,2443.8,782704.0,19057.39
2015-01-09,2455.0,2519.9,2450.0,2510.0,2512.3,1598821.0,39810.82
2015-01-12,2517.0,2528.0,2480.25,2527.95,2509.7,798003.0,19932.66
2015-01-13,2520.0,2530.4,2480.1,2498.0,2497.9,734216.0,18424.4
2015-01-14,2516.0,2531.8,2500.5,2525.05,2521.95,893548.0,22495.46
2015-01-15,2533.0,2581.75,2523.25,2542.05,2539.1,2504960.0,63900.76
2015-01-16,2543.7,2545.0,2484.3,2526.0,2532.15,2646915.0,66474.44
2015-01-19,2536.0,2551.0,2503.0,2509.0,2511.0,567537.0,14279.54
2015-01-20,2520.0,2530.0,2483.25,2498.0,2500.45,1029283.0,25721.21
2015-01-21,2522.0,2522.0,2488.25,2518.0,2513.8,1155240.0,28970.55
2015-01-22,2516.5,2521.25,2495.5,2511.0,2513.55,1056607.0,26513.55
2015-01-23,2514.0,2532.05,2496.1,2504.1,2503.6,1575190.0,39495.3
2015-01-27,2512.35,2515.0,2489.55,2504.2,2502.05,1369368.0,34265.1
2015-01-28,2503.0,2544.9,2502.9,2533.4,2539.6,1560990.0,39482.4
2015-01-29,2538.0,2568.7,2512.9,2560.7,2544.65,1867196.0,47275.2
2015-01-30,2560.7,2575.0,2470.0,2484.0,2482.05,2908701.0,72570.25
2015-02-02,2482.0,2521.45,2462.05,2516.0,2514.2,1590901.0,39782.11
2015-02-03,2511.65,2565.0,2507.1,2552.25,2558.25,1172527.0,29737.93
2015-02-04,2568.0,2571.7,2502.1,2514.95,2514.3,1122709.0,28326.87
2015-02-05,2520.0,2591.7,2519.0,2553.0,2552.4,2265084.0,57943.86
2015-02-06,2553.0,2594.8,2550.85,2576.1,2575.75,1068208.0,27542.65
2015-02-09,2561.5,2569.1,2500.0,2512.0,2512.9,1038216.0,26285.85
2015-02-10,2510.0,2526.25,2433.0,2445.5,2441.15,1899527.0,46992.01
2015-02-11,2455.05,2487.25,2447.25,2460.0,2459.9,1468761.0,36262.83
2015-02-12,2479.8,2479.8,2447.0,2469.0,2462.15,1553990.0,38267.87
2015-02-13,2470.0,2547.75,2460.25,2540.0,2538.75,2079163.0,52155.63
2015-02-16,2560.0,2595.0,2555.0,2581.7,2584.8,1182196.0,30464.92
2015-02-18,2585.05,2643.0,2565.25,2640.0,2635.65,1330007.0,34647.16
2015-02-19,2636.0,2687.3,2635.0,2674.55,2681.05,1309001.0,34825.64
2015-02-20,2698.8,2698.8,2642.25,2664.65,2675.55,900794.0,24074.23
2015-02-23,2671.0,2722.0,2671.0,2700.0,2696.65,807446.0,21816.6
2015-02-24,2694.0,2730.0,2679.0,2699.35,2704.75,1099961.0,29801.86
2015-02-25,2710.0,2722.0,2667.85,2669.7,2672.2,883997.0,23816.3
2015-02-26,2679.0,2692.75,2625.35,2649.5,2656.45,995997.0,26446.8
2015-02-27,2659.45,2675.75,2616.3,2668.0,2662.35,1438688.0,38094.21
2015-02-28,2677.0,2687.1,2643.0,2679.55,2675.25,589498.0,15728.49
2015-03-02,2679.7,2708.95,2652.55,2673.95,2669.4,1088019.0,28995.36
2015-03-03,2682.0,2790.0,2676.15,2785.1,2776.0,1712154.0,47055.77
2015-03-04,2788.0,2812.1,2715.65,2740.0,2746.0,1931497.0,53368.06
2015-03-05,2750.0,2770.7,2681.05,2690.1,2696.45,1086757.0,29490.13
2015-03-09,2640.0,2679.8,2610.0,2649.0,2646.8,1441587.0,38169.22
2015-03-10,2648.9,2678.25,2595.25,2638.85,2642.7,1518526.0,39979.41
2015-03-11,2642.0,2659.95,2597.8,2605.15,2606.55,1120100.0,29379.09
2015-03-12,2623.9,2624.9,2590.1,2618.2,2619.05,913818.0,23821.0
2015-03-13,2638.0,2639.95,2575.0,2585.0,2582.35,793419.0,20587.21
2015-03-16,2585.2,2610.0,2552.0,2560.6,2562.3,778148.0,20075.32
2015-03-17,2582.5,2606.7,2557.75,2583.65,2583.7,633659.0,16365.27
2015-03-18,2590.95,2599.45,2551.7,2556.0,2559.35,627585.0,16077.85
2015-03-19,2576.0,2605.85,2568.1,2602.0,2596.25,1224482.0,31793.03
2015-03-20,2596.0,2618.0,2578.85,2610.85,2610.95,981954.0,25614.23
2015-03-23,2616.0,2631.0,2606.0,2616.0,2617.15,783304.0,20496.95
2015-03-24,2630.0,2637.0,2582.1,2600.0,2591.3,1197439.0,31344.09
2015-03-25,2591.4,2614.0,2545.2,2569.85,2573.75,1112429.0,28648.27
2015-03-26,2553.3,2586.7,2501.0,2515.0,2513.1,1545821.0,39196.65
2015-03-27,2531.0,2571.9,2504.1,2519.9,2514.8,1375888.0,34902.57
2015-03-30,2525.0,2569.9,2520.0,2554.2,2564.15,669503.0,17046.75
2015-03-31,2569.45,2569.45,2521.0,2560.0,2553.95,1213514.0,30922.15
2015-04-01,2558.0,2563.6,2522.25,2544.05,2542.65,1037879.0,26349.81
2015-04-06,2558.0,2562.9,2500.1,2548.3,2547.3,784271.0,19854.05
2015-04-07,2562.45,2599.0,2544.0,2588.95,2585.0,943461.0,24261.11
2015-04-08,2594.0,2656.5,2590.85,2646.0,2641.4,826067.0,21742.08
2015-04-09,2659.0,2687.45,2635.15,2662.6,2664.55,1272225.0,33820.18
2015-04-10,2648.5,2670.8,2628.0,2651.1,2653.75,907772.0,24041.35
2015-04-13,2664.0,2665.0,2628.0,2653.85,2655.5,654321.0,17340.11
2015-04-15,2654.7,2713.9,2609.4,2618.95,2627.75,1456967.0,38555.13
2015-04-16,2626.95,2627.0,2571.35,2574.0,2582.8,1608785.0,41664.16
2015-04-17,2557.1,2560.0,2470.0,2473.9,2474.85,4834371.0,120643.5
2015-04-20,2480.05,2483.9,2424.85,2426.0,2428.8,1445361.0,35259.03
2015-04-21,2428.8,2452.0,2401.0,2427.05,2427.05,1273016.0,30944.65
2015-04-22,2431.5,2473.0,2407.55,2470.6,2445.1,2093406.0,50833.42
2015-04-23,2472.0,2479.8,2431.7,2455.0,2457.25,2171495.0,53436.38
2015-04-24,2455.3,2514.0,2447.55,2509.6,2493.05,1812579.0,45101.46
2015-04-27,2499.5,2520.0,2486.0,2500.0,2500.2,1366526.0,34182.8
2015-04-28,2510.0,2510.0,2455.1,2493.0,2495.0,1544149.0,38251.06
2015-04-29,2484.0,2495.0,2451.05,2481.0,2487.3,1009810.0,24965.59
2015-04-30,2480.0,2490.0,2427.1,2476.0,2463.7,1869027.0,45997.78
2015-05-04,2491.0,2504.8,2457.2,2482.25,2481.55,945315.0,23407.37
2015-05-05,2501.0,2536.45,2500.0,2519.0,2517.85,1627535.0,40996.61
2015-05-06,2515.0,2515.0,2455.8,2463.0,2463.05,1697203.0,41894.77
2015-05-07,2464.9,2553.75,2453.7,2550.0,2545.25,1602514.0,40425.58
2015-05-08,2560.0,2588.0,2516.3,2530.0,2527.25,1501832.0,38327.85
2015-05-11,2535.0,2563.05,2525.0,2559.0,2556.0,1286541.0,32807.65
2015-05-12,2560.0,2565.0,2513.0,2523.95,2522.9,1233693.0,31149.58
2015-05-13,2547.0,2547.0,2480.45,2523.1,2515.4,931887.0,23394.42
2015-05-14,2520.0,2520.0,2485.0,2499.0,2499.25,654525.0,16330.96
2015-05-15,2515.0,2532.4,2501.0,2511.0,2511.15,730727.0,18357.13
2015-05-18,2514.1,2525.25,2497.1,2515.15,2520.4,2253876.0,56468.91
2015-05-19,2519.4,2530.0,2496.75,2512.0,2512.7,978861.0,24588.74
2015-05-20,2520.0,2569.9,2516.9,2557.0,2557.05,948907.0,24197.9
2015-05-21,2557.0,2580.0,2548.15,2551.9,2555.5,789789.0,20264.64
2015-05-22,2550.0,2628.75,2539.25,2621.8,2617.9,1345816.0,34919.06
2015-05-25,2620.0,2636.9,2585.7,2600.05,2601.0,491489.0,12808.34
2015-05-26,2605.0,2623.25,2588.9,2614.95,2608.85,980870.0,25602.41
2015-05-27,2608.0,2633.15,2592.0,2610.0,2615.25,810345.0,21196.62
2015-05-28,2603.9,2623.0,2582.25,2615.9,2609.5,1381804.0,36018.1
2015-05-29,2617.0,2648.6,2597.25,2621.55,2610.3,2211766.0,57826.96
2015-06-01,2609.45,2647.1,2608.35,2615.2,2617.75,441132.0,11568.4
2015-06-02,2616.0,2630.0,2590.5,2605.0,2599.9,1967910.0,51274.72
2015-06-03,2604.0,2625.6,2590.5,2612.0,2610.9,902342.0,23565.52
2015-06-04,2617.1,2622.8,2588.5,2600.2,2605.65,2065734.0,53849.74
2015-06-05,2592.0,2609.0,2570.0,2577.5,2575.85,1154267.0,29820.66
2015-06-08,2590.0,2590.0,2561.65,2580.0,2577.45,785160.0,20227.89
2015-06-09,2585.0,2590.0,2551.0,2561.95,2561.65,1289457.0,33197.36
2015-06-10,2566.0,2610.0,2563.8,2600.0,2600.75,1381675.0,35738.03
2015-06-11,2605.5,2613.0,2556.75,2564.25,2571.3,923668.0,23876.98
2015-06-12,2571.9,2588.95,2476.8,2520.0,2505.8,1285728.0,32486.52
2015-06-15,2505.3,2520.45,2481.0,2509.5,2504.8,1262588.0,31603.35
2015-06-16,2500.0,2519.3,2494.45,2508.0,2512.0,633698.0,15910.26
2015-06-17,2521.0,2529.15,2501.8,2512.0,2513.8,987860.0,24855.04
2015-06-18,2515.0,2546.3,2508.0,2522.0,2530.05,1082523.0,27421.24
2015-06-19,2535.0,2555.0,2527.1,2550.0,2549.55,999805.0,25462.96
2015-06-22,2547.0,2600.0,2547.0,2598.3,2591.5,551001.0,14254.95
2015-06-23,2600.0,2608.0,2567.2,2585.9,2574.6,449159.0,11597.4
2015-06-24,2580.0,2587.9,2558.85,2568.7,2570.3,585123.0,15056.52
2015-06-25,2562.0,2573.0,2544.15,2552.0,2550.0,965496.0,24656.82
2015-06-26,2550.2,2596.35,2550.2,2590.1,2592.8,645051.0,16641.12
2015-06-29,2572.0,2604.0,2543.4,2599.0,2592.9,686378.0,17637.68
2015-06-30,2585.0,2588.75,2540.0,2555.0,2550.95,774976.0,19816.34
2015-07-01,2563.9,2608.0,2556.75,2600.0,2593.1,639854.0,16536.44
2015-07-02,2600.0,2602.95,2571.05,2582.0,2577.75,722940.0,18679.4
2015-07-03,2573.05,2610.0,2570.0,2603.1,2603.9,481735.0,12501.9
2015-07-06,2580.3,2645.0,2580.3,2629.7,2633.3,591169.0,15449.99
2015-07-07,2632.75,2646.9,2603.0,2623.9,2616.25,821418.0,21585.1
2015-07-08,2597.95,2621.7,2580.5,2591.7,2595.1,1333925.0,34637.45
2015-07-09,2595.0,2598.25,2506.65,2529.35,2522.5,1967061.0,49970.69
2015-07-10,2559.0,2559.0,2455.0,2467.0,2474.35,4131827.0,102859.9
2015-07-13,2475.4,2518.6,2475.4,2506.1,2509.55,1140154.0,28529.46
2015-07-14,2511.0,2515.0,2490.0,2498.85,2499.5,851637.0,21287.67
2015-07-15,2501.0,2549.95,2500.0,2548.0,2545.75,1001830.0,25391.69
2015-07-16,2543.7,2558.85,2526.6,2534.9,2540.2,728304.0,18524.69
2015-07-17,2546.8,2570.1,2543.3,2563.25,2564.4,535263.0,13692.12
2015-07-20,2564.0,2583.9,2551.9,2579.95,2579.15,426893.0,10977.74
2015-07-21,2576.0,2600.35,2555.1,2561.7,2561.4,637250.0,16408.75
2015-07-22,2561.0,2569.0,2521.05,2530.9,2528.05,660314.0,16721.8
2015-07-23,2517.5,2537.85,2483.0,2492.05,2488.6,748390.0,18749.16
2015-07-24,2497.5,2516.5,2492.1,2507.1,2505.15,787486.0,19735.08
2015-07-27,2488.0,2505.0,2481.15,2501.15,2497.05,1001869.0,25015.78
2015-07-28,2499.5,2519.0,2492.15,2509.7,2502.05,945594.0,23729.48
2015-07-29,2511.0,2515.05,2483.5,2515.0,2506.75,1206659.0,30186.72
2015-07-30,2516.05,2516.8,2472.8,2472.8,2480.65,1385287.0,34497.83
2015-07-31,2489.9,2519.0,2487.0,2511.45,2510.75,981888.0,24569.07
2015-08-03,2503.4,2525.0,2500.9,2508.0,2509.6,589662.0,14824.92
2015-08-04,2510.4,2523.0,2486.0,2510.0,2508.9,1171346.0,29287.37
2015-08-05,2520.0,2550.0,2511.0,2544.55,2547.15,494497.0,12556.52
2015-08-06,2565.0,2583.0,2550.1,2569.3,2573.3,1105683.0,28374.61
2015-08-07,2573.0,2573.0,2547.0,2559.0,2552.05,594253.0,15204.58
2015-08-10,2572.0,2589.0,2556.6,2575.0,2572.1,715591.0,18437.02
2015-08-11,2578.0,2610.0,2542.1,2600.8,2604.2,1100153.0,28555.27
2015-08-12,2603.1,2691.4,2602.0,2670.0,2671.7,1739892.0,46254.6
2015-08-13,2670.0,2684.0,2556.0,2638.35,2635.6,703213.0,18650.57
2015-08-14,2638.0,2719.35,2637.1,2692.05,2703.2,1146982.0,30840.16
2015-08-17,2690.1,2696.8,2655.0,2685.9,2684.75,386822.0,10342.08
2015-08-18,2706.9,2749.9,2690.0,2745.95,2740.9,958463.0,26229.85
2015-08-19,2750.0,2752.85,2721.9,2727.0,2733.6,845035.0,23146.0
2015-08-20,2745.0,2745.0,2672.0,2686.5,2686.85,1174649.0,31747.72
2015-08-21,2712.0,2729.9,2655.1,2671.0,2676.15,1768040.0,47459.43
2015-08-24,2639.0,2645.0,2569.1,2586.0,2578.65,2346172.0,60999.28
2015-08-25,2587.9,2622.0,2535.5,2564.8,2567.15,1962900.0,50537.51
2015-08-26,2558.05,2639.0,2511.95,2579.8,2576.75,1608079.0,41680.33
2015-08-27,2614.9,2614.9,2545.8,2567.0,2574.65,2632399.0,67729.16
2015-08-28,2609.0,2609.0,2557.7,2563.1,2570.85,1372076.0,35425.85
2015-08-31,2590.0,2590.0,2531.05,2575.0,2564.05,1846022.0,47369.45
2015-09-01,2556.0,2611.2,2530.0,2533.2,2537.4,1493801.0,38457.9
2015-09-02,2559.7,2620.45,2548.0,2600.0,2591.8,1882975.0,48865.23
2015-09-03,2596.1,2615.0,2576.25,2606.0,2605.6,1132537.0,29386.6
2015-09-04,2611.4,2614.9,2539.15,2544.0,2547.45,1213198.0,31166.52
2015-09-07,2553.0,2559.95,2532.7,2539.6,2539.75,879592.0,22398.83
2015-09-08,2545.0,2564.1,2523.5,2540.3,2540.3,893873.0,22709.0
2015-09-09,2562.95,2574.0,2544.0,2551.0,2549.75,1022538.0,26156.92
2015-09-10,2542.0,2578.5,2527.0,2550.0,2545.4,1332909.0,34040.2
2015-09-11,2546.5,2568.4,2540.6,2549.8,2552.0,796336.0,20335.17
2015-09-14,2565.0,2565.0,2543.0,2548.0,2551.65,794659.0,20287.5
2015-09-15,2551.65,2558.9,2536.0,2537.25,2547.6,689950.0,17585.84
2015-09-16,2555.0,2565.0,2541.05,2548.0,2550.35,878408.0,22432.76
2015-09-18,2565.0,2586.0,2539.0,2545.0,2551.25,1227647.0,31491.41
2015-09-21,2550.0,2557.1,2533.2,2555.65,2551.05,554420.0,14114.3
2015-09-22,2557.5,2572.4,2490.0,2522.55,2526.8,1040623.0,26485.36
2015-09-23,2534.3,2557.75,2512.6,2534.6,2532.65,614176.0,15559.32
2015-09-24,2535.5,2590.0,2529.9,2579.0,2580.4,1177127.0,30155.63
2015-09-28,2594.0,2619.0,2579.5,2600.0,2593.7,1183406.0,30808.21
2015-09-29,2583.35,2634.0,2569.85,2592.0,2588.25,1662976.0,43299.46
2015-09-30,2643.7,2643.7,2570.95,2585.0,2588.05,1684168.0,43552.27
2015-10-01,2599.0,2649.95,2592.2,2641.1,2644.6,1417204.0,37279.14
2015-10-05,2652.7,2770.0,2652.7,2719.9,2711.65,2403653.0,65172.48
2015-10-06,2725.0,2726.0,2684.0,2686.2,2700.0,1989795.0,53821.89
2015-10-07,2693.95,2717.0,2646.95,2655.0,2653.95,1032765.0,27657.31
2015-10-08,2670.0,2678.35,2620.0,2631.9,2633.8,1178775.0,31150.49
2015-10-09,2650.5,2650.6,2608.0,2630.0,2629.65,1124862.0,29570.73
2015-10-12,2655.0,2660.35,2587.0,2597.7,2592.6,1227956.0,32076.25
2015-10-13,2602.8,2612.0,2567.6,2586.85,2598.55,3089856.0,80015.36
2015-10-14,2548.0,2548.0,2480.0,2480.9,2483.7,4168564.0,104322.2
2015-10-15,2490.0,2503.5,2465.0,2468.8,2467.75,1607855.0,39845.12
2015-10-16,2480.9,2492.0,2470.0,2472.0,2473.75,1166914.0,28914.52
2015-10-19,2490.0,2494.95,2455.85,2493.95,2488.75,1565321.0,38724.5
2015-10-20,2496.25,2530.0,2495.6,2523.2,2526.75,1347542.0,33970.9
2015-10-21,2535.0,2542.0,2522.25,2526.0,2530.0,964844.0,24434.49
2015-10-23,2548.0,2548.0,2527.3,2536.95,2537.15,1167699.0,29597.13
2015-10-26,2549.0,2549.0,2515.1,2540.0,2536.55,707315.0,17896.22
2015-10-27,2530.05,2544.9,2520.35,2528.9,2531.1,765210.0,19370.67
2015-10-28,2510.05,2533.55,2510.05,2528.0,2529.1,627671.0,15843.12
2015-10-29,2533.55,2535.4,2490.05,2496.0,2495.35,1565158.0,39129.86
2015-10-30,2500.0,2511.9,2485.0,2500.0,2495.2,758348.0,18927.87
2015-11-02,2500.0,2522.8,2487.55,2518.0,2517.35,659647.0,16543.69
2015-11-03,2528.0,2547.8,2518.5,2538.85,2543.45,682453.0,17313.03
2015-11-04,2545.0,2547.2,2520.0,2526.75,2533.8,495717.0,12552.9
2015-11-05,2530.8,2534.95,2480.0,2485.0,2482.65,798049.0,19926.77
2015-11-06,2492.0,2518.25,2483.45,2505.2,2505.75,454012.0,11384.53
2015-11-09,2495.0,2502.75,2468.6,2474.0,2471.35,1010778.0,25045.9
2015-11-10,2472.95,2477.0,2450.0,2455.0,2458.15,680960.0,16774.08
2015-11-11,2475.0,2475.0,2450.0,2472.0,2468.8,67582.0,1667.55
2015-11-13,2438.05,2438.05,2386.55,2396.0,2397.4,1371616.0,32991.55
2015-11-16,2390.0,2390.0,2356.0,2376.0,2374.6,1021764.0,24232.38
2015-11-17,2380.5,2398.45,2375.0,2390.0,2390.55,992514.0,23679.89
2015-11-18,2388.9,2388.9,2346.0,2349.65,2351.45,760176.0,17927.17
2015-11-19,2365.35,2381.6,2352.0,2367.0,2362.55,933453.0,22086.81
2015-11-20,2366.5,2423.55,2361.95,2394.5,2398.35,1006063.0,24177.9
2015-11-23,2405.3,2413.4,2382.25,2389.3,2391.05,544041.0,13044.05
2015-11-24,2380.05,2392.45,2365.5,2366.0,2367.95,499320.0,11876.95
2015-11-26,2377.9,2382.4,2337.85,2346.0,2345.55,1457646.0,34335.09
2015-11-27,2348.0,2359.45,2332.5,2354.95,2353.35,868603.0,20400.86
2015-11-30,2365.0,2391.25,2350.15,2373.55,2364.7,2050024.0,48487.45
2015-12-01,2362.9,2378.05,2357.05,2359.75,2361.9,860997.0,20352.67
2015-12-02,2378.0,2378.1,2346.5,2367.0,2365.2,820148.0,19378.96
2015-12-03,2360.0,2373.0,2347.0,2350.0,2350.75,1141679.0,26904.68
2015-12-04,2340.0,2347.3,2321.1,2330.0,2328.4,623046.0,14517.47
2015-12-07,2332.2,2343.9,2315.25,2321.0,2319.8,691302.0,16053.9
2015-12-08,2319.4,2349.0,2317.3,2326.25,2329.0,569982.0,13297.39
2015-12-09,2337.9,2372.8,2320.0,2370.0,2367.65,2641403.0,62369.54
2015-12-10,2369.0,2391.2,2352.0,2380.95,2384.55,861994.0,20470.84
2015-12-11,2383.0,2391.95,2363.25,2383.15,2386.0,826189.0,19697.46
2015-12-14,2335.2,2387.0,2330.6,2375.0,2378.45,1359266.0,32144.43
2015-12-15,2378.45,2385.0,2363.05,2379.5,2375.85,567934.0,13488.59
2015-12-16,2384.0,2414.5,2384.0,2407.5,2408.4,717967.0,17246.09
2015-12-17,2415.0,2445.0,2393.35,2434.1,2439.75,809422.0,19576.47
2015-12-18,2420.0,2434.2,2400.65,2409.8,2416.8,1512485.0,36541.98
2015-12-21,2419.95,2450.0,2406.85,2443.0,2446.4,805052.0,19549.89
2015-12-22,2440.0,2440.0,2400.0,2407.0,2405.05,780429.0,18834.3
2015-12-23,2415.0,2435.0,2410.55,2418.8,2425.8,424917.0,10304.49
2015-12-24,2421.0,2438.2,2404.0,2435.0,2434.25,421580.0,10219.24
2015-12-28,2428.0,2466.4,2420.2,2456.95,2462.7,1852099.0,45468.96
2015-12-29,2458.35,2465.3,2445.75,2449.35,2455.8,854262.0,20948.75
2015-12-30,2453.05,2459.0,2412.3,2421.7,2418.3,802881.0,19606.82
2015-12-31,2415.75,2448.5,2407.5,2430.0,2436.85,620159.0,15063.03
2016-01-01,2439.0,2439.0,2412.25,2414.1,2416.4,356131.0,8631.65
2016-01-04,2410.15,2414.0,2366.05,2373.0,2369.6,935092.0,22271.61
2016-01-05,2385.0,2386.6,2341.0,2349.85,2348.95,1339010.0,31514.09
2016-01-06,2350.2,2386.15,2350.2,2382.0,2381.6,1326614.0,31496.27
2016-01-07,2370.0,2382.9,2360.0,2379.0,2371.25,1599790.0,37878.37
2016-01-08,2385.0,2407.35,2372.5,2400.8,2397.6,953772.0,22853.14
2016-01-11,2382.5,2384.0,2348.85,2362.8,2362.35,1465114.0,34600.59
2016-01-12,2362.7,2365.0,2301.6,2317.0,2327.05,1741297.0,40496.99
2016-01-13,2317.0,2327.0,2255.1,2280.0,2279.2,2373046.0,54199.74
2016-01-14,2273.0,2298.9,2250.0,2280.05,2278.8,1371026.0,31262.31
2016-01-15,2288.85,2291.7,2255.0,2265.25,2261.1,1634704.0,37070.78
2016-01-18,2262.0,2291.9,2260.0,2280.0,2277.65,1106961.0,25255.15
2016-01-19,2277.0,2300.0,2268.3,2288.0,2279.3,483955.0,11020.9
2016-01-20,2273.8,2285.0,2243.0,2280.0,2280.1,807977.0,18327.52
2016-01-21,2285.0,2289.9,2245.75,2258.0,2254.5,1337768.0,30217.16
2016-01-22,2273.0,2302.05,2260.0,2290.0,2295.75,671589.0,15381.22
2016-01-25,2301.9,2339.0,2291.5,2301.7,2304.65,698780.0,16195.18
2016-01-27,2302.0,2329.95,2281.9,2317.0,2319.75,813493.0,18846.49
2016-01-28,2315.5,2348.9,2308.05,2345.0,2331.2,1553330.0,36257.95
2016-01-29,2358.7,2400.0,2335.05,2386.1,2391.3,1117872.0,26520.58
2016-02-01,2391.1,2412.95,2359.0,2395.35,2402.7,747637.0,17965.24
2016-02-02,2409.0,2433.0,2379.7,2382.0,2398.1,737794.0,17821.75
2016-02-03,2387.5,2429.9,2360.3,2424.8,2416.3,654346.0,15719.96
2016-02-04,2421.9,2440.0,2402.0,2423.0,2420.05,625023.0,15125.52
2016-02-05,2408.1,2439.95,2408.1,2424.0,2421.95,701498.0,17018.26
2016-02-08,2400.0,2412.05,2347.0,2354.3,2362.95,531829.0,12684.17
2016-02-09,2333.6,2333.6,2255.6,2280.7,2281.4,1244805.0,28339.78
2016-02-10,2275.0,2289.9,2258.1,2283.0,2268.8,945366.0,21473.78
2016-02-11,2280.0,2289.0,2171.65,2179.35,2197.95,981204.0,21893.32
2016-02-12,2200.0,2243.4,2164.0,2226.3,2226.6,1086284.0,24055.41
2016-02-15,2250.0,2306.85,2240.0,2262.0,2269.15,1239856.0,28244.8
2016-02-16,2266.0,2282.0,2243.0,2262.5,2265.55,794351.0,17954.56
2016-02-17,2265.0,2279.65,2246.4,2279.65,2275.55,792589.0,17954.55
2016-02-18,2285.0,2319.75,2278.0,2312.1,2315.85,764570.0,17593.39
2016-02-19,2307.35,2327.0,2305.45,2314.9,2319.65,439506.0,10185.34
2016-02-22,2320.25,2343.0,2305.0,2325.0,2315.9,662442.0,15435.33
2016-02-23,2310.25,2319.9,2256.75,2258.1,2264.0,653426.0,14880.24
2016-02-24,2262.45,2262.45,2201.2,2216.0,2210.95,829664.0,18504.52
2016-02-25,2219.8,2228.0,2185.65,2224.2,2212.85,915278.0,20180.49
2016-02-26,2229.7,2256.9,2199.6,2219.9,2210.5,768768.0,17051.54
2016-02-29,2237.0,2237.0,2115.0,2172.0,2176.8,1095859.0,23943.99
2016-03-01,2193.0,2285.1,2162.0,2281.0,2276.65,999880.0,22575.17
2016-03-02,2305.0,2330.0,2256.25,2320.1,2318.85,763743.0,17480.82
2016-03-03,2336.0,2391.0,2301.0,2369.4,2373.15,1324142.0,31201.1
2016-03-04,2380.0,2380.0,2349.55,2369.85,2357.55,756483.0,17872.09
2016-03-08,2342.1,2367.0,2304.2,2351.0,2354.3,634076.0,14855.47
2016-03-09,2341.0,2369.4,2295.15,2360.0,2357.25,1008892.0,23473.66
2016-03-10,2356.05,2359.85,2314.95,2347.0,2348.3,830833.0,19352.29
2016-03-11,2340.0,2390.85,2335.0,2360.0,2365.25,765264.0,18131.61
2016-03-14,2362.0,2398.0,2340.0,2346.1,2355.0,818371.0,19324.84
2016-03-15,2349.05,2363.5,2320.1,2330.25,2329.9,811678.0,18938.65
2016-03-16,2315.0,2332.0,2306.9,2323.55,2327.05,959123.0,22253.15
2016-03-17,2334.0,2361.8,2332.0,2349.0,2352.05,1110544.0,26073.91
2016-03-18,2360.0,2430.0,2360.0,2421.4,2425.85,1602035.0,38586.69
2016-03-21,2426.0,2454.95,2420.0,2449.05,2446.25,1168491.0,28449.19
2016-03-22,2442.0,2485.0,2436.5,2470.65,2473.1,975992.0,23972.4
2016-03-23,2487.9,2487.9,2457.3,2479.6,2473.8,1139217.0,28173.12
2016-03-28,2491.0,2517.15,2461.55,2476.0,2473.4,1660441.0,41145.83
2016-03-29,2478.0,2486.95,2455.0,2462.4,2469.4,919398.0,22732.05
2016-03-30,2470.9,2505.0,2460.0,2490.0,2489.5,1068252.0,26601.39
2016-03-31,2478.3,2550.0,2472.15,2530.0,2520.3,2181982.0,54777.53
2016-04-01,2505.0,2520.85,2434.1,2458.0,2453.9,1520700.0,37530.29
2016-04-04,2456.0,2488.0,2447.0,2476.4,2471.25,876176.0,21576.34
2016-04-05,2470.8,2484.9,2442.05,2460.0,2462.75,745897.0,18347.0
2016-04-06,2470.0,2489.0,2459.35,2481.0,2481.9,881575.0,21842.55
2016-04-07,2480.0,2484.7,2457.0,2466.25,2470.8,1195471.0,29536.4
2016-04-08,2466.0,2473.7,2427.0,2432.0,2432.05,699750.0,17063.55
2016-04-11,2433.0,2517.0,2413.0,2506.05,2506.65,1200324.0,29488.46
2016-04-12,2498.0,2525.0,2488.1,2520.05,2518.15,651814.0,16313.15
2016-04-13,2530.0,2545.0,2512.5,2528.0,2526.2,800734.0,20217.37
2016-04-18,2453.0,2553.5,2440.0,2522.4,2519.75,3560752.0,88867.6
2016-04-20,2534.9,2534.9,2440.0,2453.0,2450.35,3202512.0,79169.58
2016-04-21,2451.0,2467.4,2412.2,2418.2,2424.4,1262862.0,30816.73
2016-04-22,2419.0,2435.4,2404.2,2423.4,2417.05,982063.0,23768.31
2016-04-25,2402.3,2457.05,2402.3,2453.0,2451.25,1133827.0,27683.89
2016-04-26,2449.0,2493.5,2442.0,2488.0,2489.8,1277184.0,31592.55
2016-04-27,2480.0,2514.6,2475.9,2511.5,2511.1,924335.0,23129.81
2016-04-28,2501.3,2540.0,2498.1,2527.0,2527.75,2496372.0,63060.21
2016-04-29,2517.0,2542.0,2510.0,2540.1,2535.5,1186089.0,29998.74
2016-05-02,2529.0,2530.0,2500.0,2525.1,2526.7,558346.0,14049.47
2016-05-03,2525.0,2530.0,2472.0,2473.9,2478.1,1076559.0,26872.84
2016-05-04,2473.9,2494.05,2457.0,2478.0,2478.0,682446.0,16872.77
2016-05-05,2478.0,2489.95,2463.55,2469.3,2470.3,623283.0,15410.49
2016-05-06,2465.0,2484.3,2431.0,2479.0,2473.4,442799.0,10877.79
2016-05-09,2473.4,2518.0,2456.4,2514.6,2512.55,910638.0,22758.85
2016-05-10,2515.0,2533.95,2496.0,2522.9,2522.9,579267.0,14572.24
2016-05-11,2500.0,2525.6,2490.0,2524.8,2518.3,799358.0,20096.48
2016-05-12,2520.55,2569.9,2520.55,2566.0,2566.2,756541.0,19325.91
2016-05-13,2565.0,2566.0,2510.15,2525.0,2523.4,810865.0,20517.19
2016-05-16,2538.0,2564.8,2522.5,2552.75,2551.15,555763.0,14135.23
2016-05-17,2564.2,2591.25,2552.0,2570.0,2570.2,878349.0,22598.58
2016-05-18,2565.85,2565.85,2526.05,2553.0,2551.1,750370.0,19084.12
2016-05-19,2555.0,2560.0,2526.1,2555.0,2556.95,519396.0,13236.92
2016-05-20,2542.3,2565.8,2522.8,2529.9,2529.3,615459.0,15650.58
2016-05-23,2544.0,2545.9,2480.2,2483.0,2491.45,766508.0,19240.37
2016-05-24,2484.0,2488.25,2459.6,2468.6,2467.7,669579.0,16522.76
2016-05-25,2481.0,2532.95,2481.0,2520.95,2526.45,774339.0,19467.84
2016-05-26,2530.0,2564.9,2505.1,2560.0,2548.7,971624.0,24652.03
2016-05-27,2553.15,2579.85,2550.6,2577.0,2572.65,552338.0,14178.15
2016-05-30,2583.0,2641.95,2582.0,2636.05,2636.4,674732.0,17661.12
2016-05-31,2640.0,2647.0,2562.0,2567.5,2569.4,1861304.0,48047.09
2016-06-01,2571.2,2645.0,2571.0,2633.9,2633.55,955971.0,25094.71
2016-06-02,2600.0,2654.3,2600.0,2654.0,2650.15,704378.0,18566.99
2016-06-03,2651.4,2658.0,2620.5,2628.0,2629.55,777461.0,20461.79
2016-06-06,2620.5,2639.0,2603.2,2610.0,2612.5,661013.0,17309.2
2016-06-07,2614.0,2639.0,2613.0,2631.6,2631.15,601097.0,15800.55
2016-06-08,2617.25,2628.55,2605.5,2615.0,2613.1,469133.0,12271.42
2016-06-09,2622.4,2622.4,2555.2,2581.9,2577.25,781069.0,20160.43
2016-06-10,2566.0,2603.25,2553.2,2554.0,2555.75,698416.0,17960.98
2016-06-13,2540.0,2553.35,2518.0,2545.25,2547.0,514989.0,13071.71
2016-06-14,2558.95,2558.95,2518.25,2540.0,2534.85,488785.0,12373.44
2016-06-15,2530.0,2564.9,2522.0,2558.5,2556.85,635422.0,16144.92
2016-06-16,2545.55,2564.7,2516.45,2557.0,2558.3,572535.0,14541.14
2016-06-17,2559.0,2610.0,2559.0,2600.0,2602.6,939494.0,24333.37
2016-06-20,2602.6,2668.0,2591.8,2657.0,2659.3,936419.0,24787.79
2016-06-21,2663.5,2665.0,2641.4,2646.0,2651.2,513845.0,13617.28
2016-06-22,2650.0,2677.7,2631.75,2661.05,2667.65,880856.0,23432.05
2016-06-23,2655.0,2659.5,2625.3,2644.45,2645.35,698507.0,18460.03
2016-06-24,2565.15,2593.2,2514.15,2568.0,2573.95,1883293.0,48196.31
2016-06-27,2547.0,2547.0,2482.65,2496.7,2495.85,2136283.0,53389.93
2016-06-28,2495.85,2502.9,2458.4,2464.0,2463.95,2249762.0,55774.25
2016-06-29,2475.0,2512.5,2465.3,2500.0,2502.9,1265632.0,31503.12
2016-06-30,2522.0,2562.9,2500.35,2548.05,2553.1,2560906.0,64863.14
2016-07-01,2562.0,2564.6,2494.35,2498.75,2500.85,1098648.0,27759.11
2016-07-04,2516.0,2525.85,2482.0,2485.35,2494.2,941742.0,23618.13
2016-07-05,2494.2,2497.05,2477.15,2480.2,2485.3,779874.0,19387.17
2016-07-07,2487.7,2491.85,2425.0,2428.0,2429.8,1658400.0,40665.89
2016-07-08,2435.0,2442.05,2403.5,2430.1,2426.6,1228178.0,29794.2
2016-07-11,2430.0,2471.8,2427.0,2469.0,2464.15,771816.0,18949.4
2016-07-12,2471.7,2475.0,2435.85,2463.5,2464.95,732768.0,18002.5
2016-07-13,2478.0,2499.25,2451.25,2485.0,2493.1,1051150.0,26127.36
2016-07-14,2486.0,2529.0,2471.0,2520.0,2521.9,1349994.0,33837.03
2016-07-15,2517.0,2527.8,2426.55,2445.0,2445.35,4168183.0,102712.19
2016-07-18,2447.0,2469.0,2430.6,2431.15,2433.45,1299425.0,31766.42
2016-07-19,2427.5,2472.8,2427.5,2466.0,2466.2,1181448.0,28973.73
2016-07-20,2450.0,2502.5,2448.15,2493.0,2494.95,1407626.0,35027.09
2016-07-21,2489.5,2519.5,2464.45,2506.0,2506.05,1263574.0,31489.24
2016-07-22,2498.9,2524.0,2492.0,2514.95,2515.1,758608.0,19044.87
2016-07-25,2512.0,2563.2,2505.8,2555.0,2558.95,844398.0,21446.39
2016-07-26,2558.95,2568.0,2533.0,2550.0,2552.6,1155645.0,29443.63
2016-07-27,2555.0,2580.4,2545.0,2578.0,2577.55,875255.0,22495.14
2016-07-28,2580.5,2629.55,2577.05,2614.2,2619.25,2316040.0,60257.27
2016-07-29,2614.0,2634.9,2599.0,2624.9,2619.3,1244042.0,32579.01
2016-08-01,2632.0,2725.0,2632.0,2702.6,2708.25,1980852.0,53417.17
2016-08-02,2702.9,2715.7,2689.8,2703.8,2699.2,1289081.0,34839.35
2016-08-03,2686.0,2699.0,2649.05,2649.05,2656.3,1147351.0,30593.57
2016-08-04,2670.0,2682.95,2636.25,2658.0,2652.0,707708.0,18797.62
2016-08-05,2673.9,2684.3,2632.0,2643.45,2649.1,934242.0,24825.22
2016-08-08,2640.0,2668.0,2629.05,2655.0,2649.5,1029122.0,27290.6
2016-08-09,2658.0,2659.8,2578.85,2654.45,2650.2,1130957.0,29923.03
2016-08-10,2651.0,2682.0,2648.0,2676.0,2675.4,1031039.0,27548.08
2016-08-11,2665.55,2715.0,2665.55,2706.85,2709.9,1116569.0,30175.07
2016-08-12,2705.0,2744.8,2702.05,2740.0,2738.45,1163679.0,31801.76
2016-08-16,2738.0,2740.0,2673.85,2700.0,2691.7,1591877.0,43127.76
2016-08-17,2699.0,2699.0,2618.0,2628.0,2624.55,924283.0,24415.37
2016-08-18,2635.0,2657.55,2630.1,2631.0,2638.55,646032.0,17111.07
2016-08-19,2640.0,2646.45,2600.0,2602.6,2603.5,1208122.0,31540.28
2016-08-22,2588.0,2594.45,2536.3,2553.5,2548.7,1132637.0,29019.78
2016-08-23,2544.95,2604.95,2540.2,2600.4,2601.05,751687.0,19494.29
2016-08-24,2589.8,2602.0,2569.05,2570.65,2572.05,558439.0,14405.93
2016-08-25,2580.0,2589.7,2526.0,2550.35,2551.05,969845.0,24730.29
2016-08-26,2559.8,2572.55,2517.2,2527.25,2524.95,625157.0,15859.06
2016-08-29,2534.95,2534.95,2466.75,2508.0,2500.55,744364.0,18530.92
2016-08-30,2510.0,2549.8,2501.25,2544.9,2544.15,722013.0,18241.67
2016-08-31,2550.0,2550.0,2500.85,2514.7,2511.3,1615834.0,40723.74
2016-09-01,2524.9,2534.95,2487.05,2507.25,2507.5,672868.0,16871.05
2016-09-02,2512.0,2519.4,2496.05,2511.0,2514.8,871165.0,21866.19
2016-09-06,2519.9,2520.15,2480.0,2484.7,2484.05,1119533.0,27899.23
2016-09-07,2499.7,2499.7,2423.0,2452.1,2440.55,1927020.0,47477.59
2016-09-08,2360.0,2360.0,2284.75,2327.7,2322.1,3510758.0,81207.74
2016-09-09,2329.7,2366.65,2320.05,2352.0,2352.45,1371219.0,32193.7
2016-09-12,2337.0,2363.95,2324.0,2358.0,2359.05,1012227.0,23837.8
2016-09-14,2362.0,2377.6,2310.0,2332.0,2328.45,1034929.0,24120.58
2016-09-15,2339.95,2342.1,2316.75,2325.0,2326.95,1409482.0,32798.96
2016-09-16,2336.7,2376.0,2320.0,2368.0,2361.7,2179002.0,51120.9
2016-09-19,2365.0,2427.0,2350.0,2411.0,2411.45,1401273.0,33715.15
2016-09-20,2411.0,2416.9,2385.4,2410.0,2406.5,592276.0,14208.97
2016-09-21,2407.7,2424.0,2400.7,2412.0,2413.4,839010.0,20243.42
2016-09-22,2425.25,2428.0,2371.1,2380.0,2378.0,1428787.0,34179.32
2016-09-23,2382.0,2403.85,2371.15,2400.0,2398.1,900363.0,21556.62
2016-09-26,2401.1,2419.1,2395.0,2395.1,2401.1,876738.0,21109.51
2016-09-27,2401.1,2448.0,2401.1,2437.0,2436.1,1019396.0,24818.15
2016-09-28,2431.0,2437.5,2415.2,2425.0,2423.05,865664.0,20982.67
2016-09-29,2435.0,2456.5,2419.6,2437.0,2437.8,1801979.0,43894.8
2016-09-30,2437.05,2449.8,2423.1,2432.2,2430.8,1087682.0,26458.42
2016-10-03,2450.0,2457.65,2401.1,2407.5,2411.7,909440.0,21982.2
2016-10-04,2420.0,2425.05,2398.0,2407.0,2405.15,890359.0,21442.94
2016-10-05,2408.0,2415.4,2376.1,2386.0,2386.35,588177.0,14054.42
2016-10-06,2395.0,2402.4,2372.75,2386.85,2388.75,1133786.0,27043.91
2016-10-07,2388.0,2388.0,2358.2,2370.0,2367.8,908256.0,21500.8
2016-10-10,2369.9,2386.9,2355.05,2380.0,2380.3,601071.0,14257.81
2016-10-13,2363.3,2369.9,2320.9,2334.0,2328.9,2586667.0,60466.75
2016-10-14,2315.0,2387.0,2291.0,2370.6,2366.2,3870607.0,90727.67
2016-10-17,2368.9,2375.8,2344.4,2374.95,2362.45,1364173.0,32216.32
2016-10-18,2376.0,2415.7,2354.8,2398.6,2400.2,1064316.0,25323.75
2016-10-19,2401.0,2410.0,2370.3,2390.0,2395.1,992529.0,23700.39
2016-10-20,2396.9,2409.35,2386.0,2403.0,2401.15,632927.0,15183.12
2016-10-21,2400.0,2431.9,2398.25,2430.0,2428.65,629830.0,15241.92
2016-10-24,2428.2,2434.9,2402.55,2433.0,2427.7,626595.0,15163.51
2016-10-25,2405.0,2414.6,2381.0,2400.0,2398.45,886233.0,21278.66
2016-10-26,2398.6,2402.75,2372.5,2383.0,2396.25,718565.0,17157.89
2016-10-27,2379.7,2429.5,2365.5,2401.1,2418.1,1470801.0,35268.1
2016-10-28,2410.0,2415.1,2388.0,2398.0,2398.7,876051.0,21026.43
2016-10-30,2398.7,2408.95,2382.0,2390.05,2391.05,42676.0,1021.55
2016-11-01,2399.7,2399.7,2334.15,2359.05,2350.0,1467388.0,34801.53
2016-11-02,2341.0,2344.0,2295.0,2298.75,2304.05,1162538.0,26913.31
2016-11-03,2294.0,2335.0,2284.5,2320.0,2319.45,731655.0,16938.92
2016-11-04,2320.0,2336.15,2294.0,2330.0,2330.55,591876.0,13690.87
2016-11-07,2337.9,2344.9,2260.05,2266.0,2277.05,1024026.0,23515.96
2016-11-08,2280.45,2307.0,2260.0,2289.6,2283.2,966817.0,22058.48
2016-11-09,2180.0,2275.0,2142.85,2185.8,2169.85,2250113.0,49248.85
2016-11-10,2204.8,2217.5,2140.8,2147.05,2155.45,1086213.0,23747.45
2016-11-11,2147.05,2147.05,2086.2,2120.0,2101.15,1199212.0,25306.23
2016-11-15,2116.9,2157.55,2051.9,2138.35,2121.3,3145162.0,66582.68
2016-11-16,2145.1,2208.9,2138.0,2187.65,2189.6,2009979.0,44008.63
2016-11-17,2185.0,2208.6,2130.15,2134.05,2137.2,1252344.0,27094.91
2016-11-18,2142.0,2150.0,2104.2,2126.2,2125.1,1070267.0,22722.15
2016-11-21,2126.2,2140.0,2105.0,2130.0,2132.9,896683.0,19086.55
2016-11-22,2132.0,2177.45,2122.05,2142.0,2135.0,659430.0,14161.84
2016-11-23,2149.0,2162.95,2127.2,2158.5,2156.35,637904.0,13720.13
2016-11-24,2154.9,2207.6,2137.0,2205.0,2188.45,1513117.0,33067.74
2016-11-25,2212.0,2307.25,2192.2,2299.8,2300.35,2138074.0,48582.38
2016-11-28,2294.0,2319.45,2251.9,2275.05,2282.6,962148.0,21971.33
2016-11-29,2275.0,2292.0,2252.55,2263.0,2259.85,721148.0,16380.02
2016-11-30,2265.0,2294.75,2242.3,2275.0,2276.05,1722916.0,39147.48
2016-12-01,2277.0,2290.0,2254.05,2267.0,2263.45,561526.0,12751.01
2016-12-02,2258.0,2270.8,2205.2,2229.0,2221.85,999016.0,22313.66
2016-12-05,2229.0,2237.85,2170.0,2188.5,2186.0,1124763.0,24632.16
2016-12-06,2190.0,2203.95,2169.9,2170.85,2182.35,796722.0,17444.52
2016-12-07,2182.2,2184.45,2145.65,2157.9,2154.55,1032853.0,22354.17
2016-12-08,2160.5,2199.0,2160.0,2195.0,2195.75,1619773.0,35404.55
2016-12-09,2205.0,2219.9,2173.3,2193.6,2195.25,794359.0,17469.69
2016-12-12,2194.8,2217.6,2163.0,2210.0,2208.2,655879.0,14418.38
2016-12-13,2218.0,2218.0,2183.0,2210.75,2200.3,1073767.0,23619.01
2016-12-14,2214.0,2224.7,2189.0,2208.8,2207.6,935183.0,20641.59
2016-12-15,2202.0,2272.1,2202.0,2256.5,2259.3,2147705.0,48484.14
2016-12-16,2277.0,2290.0,2252.0,2284.8,2282.65,993615.0,22612.3
2016-12-19,2280.0,2297.7,2261.3,2285.0,2288.9,667105.0,15174.0
2016-12-20,2292.0,2345.0,2287.05,2340.0,2339.3,1461380.0,33943.34
2016-12-21,2343.8,2343.8,2305.6,2312.0,2313.6,1017451.0,23589.59
2016-12-22,2306.0,2325.0,2286.2,2315.6,2307.7,934150.0,21541.6
2016-12-23,2300.0,2317.75,2278.8,2285.0,2288.1,559477.0,12841.27
2016-12-26,2266.0,2301.6,2266.0,2296.85,2293.1,448704.0,10278.02
2016-12-27,2281.5,2330.0,2281.5,2322.8,2323.4,647346.0,15004.11
2016-12-28,2326.7,2349.9,2303.15,2305.25,2313.4,675209.0,15771.94
2016-12-29,2303.0,2359.9,2303.0,2355.0,2351.7,981758.0,23034.45
2016-12-30,2354.9,2378.6,2345.65,2366.55,2365.55,702874.0,16634.48
2017-01-02,2366.6,2375.1,2352.4,2360.0,2361.35,411566.0,9736.27
2017-01-03,2361.25,2371.7,2343.3,2361.0,2368.25,737662.0,17394.32
2017-01-04,2369.7,2388.85,2358.3,2377.95,2379.5,710033.0,16857.75
2017-01-05,2384.0,2389.95,2320.4,2334.0,2334.4,1108202.0,26058.74
2017-01-06,2321.0,2329.35,2257.1,2284.0,2281.4,1504948.0,34425.89
2017-01-09,2275.0,2311.3,2257.0,2308.0,2303.7,927289.0,21183.04
2017-01-10,2304.0,2329.8,2291.5,2314.0,2315.35,766957.0,17740.98
2017-01-11,2315.0,2329.6,2280.2,2325.0,2324.4,965648.0,22292.27
2017-01-12,2324.4,2360.0,2304.0,2347.0,2344.35,1285187.0,30004.96
2017-01-13,2348.0,2357.95,2237.85,2250.0,2249.3,5117790.0,116517.77
2017-01-16,2250.0,2273.9,2228.0,2261.8,2258.55,1682404.0,37954.29
2017-01-17,2254.9,2287.8,2252.8,2280.0,2278.75,1504978.0,34270.02
2017-01-18,2278.0,2298.0,2265.45,2295.0,2295.1,1568287.0,35793.02
2017-01-19,2295.0,2295.15,2282.95,2290.0,2291.0,1125838.0,25774.01
2017-01-20,2287.0,2300.0,2265.0,2288.0,2285.35,1018623.0,23255.92
2017-01-23,2265.0,2313.5,2259.8,2307.1,2306.7,1159273.0,26640.66
2017-01-24,2304.0,2323.0,2290.0,2320.0,2318.35,1141319.0,26366.71
2017-01-25,2322.6,2360.0,2318.05,2357.0,2353.0,2055824.0,48151.0
2017-01-27,2345.05,2378.75,2345.05,2359.0,2357.8,1435829.0,33950.68
2017-01-30,2341.0,2351.95,2318.15,2338.85,2332.9,1288978.0,30065.38
2017-01-31,2320.0,2332.05,2200.05,2232.0,2229.8,2333402.0,52303.22
2017-02-01,2220.0,2239.95,2155.55,2164.9,2167.9,2432076.0,52917.12
2017-02-02,2170.05,2219.0,2153.0,2204.45,2207.65,3004741.0,65535.91
2017-02-03,2209.7,2243.0,2191.0,2238.8,2232.55,1076686.0,23919.54
2017-02-06,2258.0,2258.5,2214.95,2242.0,2240.75,1204455.0,26908.66
2017-02-07,2244.0,2252.6,2226.0,2245.9,2244.6,907319.0,20352.76
2017-02-08,2244.9,2282.6,2244.05,2281.0,2270.95,1106292.0,25119.77
2017-02-09,2275.0,2328.0,2270.2,2317.0,2317.3,2016601.0,46539.44
2017-02-10,2311.0,2424.45,2311.0,2382.9,2397.95,2891080.0,68330.47
2017-02-13,2396.0,2429.0,2382.35,2409.1,2414.25,1909906.0,46036.67
2017-02-14,2419.65,2419.65,2398.0,2398.15,2406.25,1016664.0,24500.97
2017-02-15,2397.0,2428.0,2375.1,2423.45,2413.7,962486.0,23153.28
2017-02-16,2460.0,2478.0,2435.6,2450.0,2447.75,2087840.0,51209.37
2017-02-17,2472.0,2475.6,2402.0,2415.0,2407.9,1361662.0,32969.54
2017-02-20,2425.0,2555.0,2408.1,2505.0,2502.2,1986974.0,49255.32
2017-02-21,2514.0,2525.9,2455.15,2461.5,2465.35,2750556.0,68498.04
2017-02-22,2465.9,2470.0,2400.15,2409.95,2411.5,2252748.0,54617.97
2017-02-23,2415.0,2493.25,2415.0,2479.0,2481.8,2426676.0,59881.4
2017-02-27,2479.1,2502.0,2470.05,2492.0,2489.85,1069946.0,26633.32
2017-02-28,2489.5,2490.0,2450.0,2460.0,2466.25,1177414.0,29031.54
2017-03-01,2479.9,2501.9,2470.0,2475.3,2479.55,565187.0,14051.36
2017-03-02,2486.7,2510.0,2470.05,2503.2,2501.45,772471.0,19294.38
2017-03-03,2492.0,2499.7,2475.4,2490.0,2494.05,506985.0,12616.17
2017-03-06,2480.0,2484.0,2454.55,2477.4,2472.5,700347.0,17281.72
2017-03-07,2482.9,2505.0,2475.05,2505.0,2499.8,755836.0,18854.64
2017-03-08,2502.0,2520.0,2492.2,2515.5,2512.2,895755.0,22449.67
2017-03-09,2514.15,2524.0,2504.05,2522.0,2519.75,429234.0,10801.99
2017-03-10,2519.6,2549.55,2513.95,2542.3,2542.25,585710.0,14865.9
2017-03-14,2556.8,2587.15,2551.05,2569.85,2567.5,1701147.0,43720.98
2017-03-15,2572.0,2572.15,2493.85,2499.0,2498.3,1511248.0,37972.87
2017-03-16,2506.0,2527.0,2506.0,2521.95,2520.9,785909.0,19795.65
2017-03-17,2546.0,2546.0,2509.75,2532.15,2525.75,1296576.0,32752.8
2017-03-20,2525.95,2525.95,2466.0,2476.1,2480.0,1743770.0,43318.87
2017-03-21,2482.0,2492.0,2465.0,2484.85,2486.7,1686850.0,41842.2
2017-03-22,2480.15,2496.0,2469.95,2472.3,2478.95,944358.0,23424.14
2017-03-23,2482.0,2485.05,2447.2,2457.95,2460.35,1310319.0,32233.95
2017-03-24,2469.8,2469.8,2423.3,2428.0,2427.2,2549907.0,62165.81
2017-03-27,2426.95,2440.0,2406.0,2411.0,2412.05,1090635.0,26378.09
2017-03-28,2410.0,2443.4,2410.0,2430.7,2429.95,576579.0,14021.76
2017-03-29,2436.0,2450.8,2425.6,2443.1,2444.6,858882.0,20956.57
2017-03-30,2444.9,2465.0,2435.0,2436.7,2441.0,1493043.0,36557.0
2017-03-31,2438.4,2440.85,2415.0,2423.1,2431.8,933522.0,22653.21
2017-04-03,2435.0,2435.0,2408.2,2410.0,2411.7,598444.0,14470.38
2017-04-05,2419.9,2419.9,2395.0,2404.5,2401.25,1452784.0,34890.32
2017-04-06,2400.0,2410.0,2392.55,2395.0,2400.05,860352.0,20645.33
2017-04-07,2394.9,2433.25,2392.15,2432.0,2429.05,1138506.0,27539.49
2017-04-10,2432.0,2449.0,2405.0,2408.0,2422.25,1271632.0,30962.73
2017-04-11,2417.3,2443.1,2406.0,2419.65,2419.3,778892.0,18923.59
2017-04-12,2422.5,2428.0,2383.0,2392.0,2393.25,525269.0,12624.35
2017-04-13,2400.0,2409.0,2321.05,2335.0,2328.65,1250236.0,29264.59
2017-04-17,2330.4,2332.9,2295.15,2319.0,2314.85,1135441.0,26225.16
2017-04-18,2330.0,2334.2,2302.05,2302.05,2308.8,865310.0,20070.52
2017-04-19,2263.5,2348.7,2252.8,2302.0,2299.15,2813406.0,64637.24
2017-04-20,2305.3,2332.0,2290.95,2325.0,2325.5,634421.0,14650.52
2017-04-21,2329.1,2335.65,2301.0,2312.0,2310.8,580577.0,13433.54
2017-04-24,2300.0,2339.65,2282.5,2328.0,2328.1,1000010.0,23172.74
2017-04-25,2328.0,2344.45,2302.7,2310.0,2311.5,1574355.0,36416.07
2017-04-26,2340.0,2343.95,2303.05,2310.0,2310.35,1093719.0,25295.62
2017-04-27,2306.05,2327.8,2277.65,2289.8,2302.65,2886593.0,66599.93
2017-04-28,2294.0,2298.75,2268.0,2275.0,2273.15,1270255.0,28980.77
2017-05-02,2294.0,2302.0,2280.0,2288.15,2289.9,1191348.0,27298.41
2017-05-03,2295.0,2345.0,2268.5,2337.8,2337.3,1757203.0,40796.35
2017-05-04,2349.95,2350.0,2308.8,2331.9,2330.1,1354104.0,31506.9
2017-05-05,2308.0,2332.5,2302.5,2323.0,2320.5,841237.0,19512.9
2017-05-08,2321.0,2347.4,2317.7,2342.0,2342.45,535891.0,12526.85
2017-05-09,2343.95,2361.0,2332.55,2355.0,2352.55,895135.0,21030.95
2017-05-10,2355.0,2356.15,2316.0,2335.75,2332.45,603194.0,14056.27
2017-05-11,2347.3,2360.0,2322.75,2350.65,2349.45,1035651.0,24217.29
2017-05-12,2343.3,2369.9,2320.05,2369.9,2360.65,1157223.0,27205.9
2017-05-15,2375.1,2377.95,2341.6,2368.0,2365.1,908802.0,21380.43
2017-05-16,2380.0,2435.0,2373.45,2425.1,2429.15,1800513.0,43397.03
2017-05-17,2433.5,2460.75,2423.0,2450.0,2455.35,1438099.0,35137.29
2017-05-18,2450.0,2572.0,2442.25,2525.0,2536.2,2569297.0,64894.78
2017-05-19,2536.2,2540.55,2486.0,2503.85,2507.15,893022.0,22384.3
2017-05-22,2510.0,2553.75,2510.0,2535.0,2531.35,831970.0,21054.61
2017-05-23,2533.2,2564.15,2514.0,2523.7,2521.7,1374298.0,34776.45
2017-05-24,2534.8,2570.0,2529.65,2567.1,2559.15,1267274.0,32252.28
2017-05-25,2577.0,2637.55,2568.0,2615.05,2624.6,2047047.0,53333.77
2017-05-26,2625.0,2626.85,2564.65,2570.05,2578.25,681275.0,17665.43
2017-05-29,2579.0,2596.5,2564.0,2572.0,2572.85,874645.0,22545.25
2017-05-30,2560.0,2575.95,2525.0,2548.2,2551.1,463817.0,11849.32
2017-05-31,2533.0,2572.5,2528.0,2539.95,2546.6,1251365.0,31905.89
2017-06-01,2530.0,2564.0,2530.0,2553.0,2553.6,540032.0,13786.18
2017-06-02,2556.25,2591.85,2552.5,2560.0,2564.9,677824.0,17412.2
2017-06-05,2565.0,2619.9,2560.15,2616.0,2603.95,750094.0,19331.4
2017-06-06,2631.0,2708.95,2630.0,2705.0,2696.0,2973360.0,80077.81
2017-06-07,2697.0,2700.0,2576.55,2613.95,2615.25,2463888.0,64675.89
2017-06-08,2598.0,2604.95,2515.5,2520.0,2521.6,1665357.0,42357.31
2017-06-09,2520.0,2547.4,2486.0,2518.6,2507.0,1574017.0,39559.5
2017-06-12,2497.0,2512.9,2470.4,2484.9,2487.2,813253.0,20229.48
2017-06-13,2465.0,2481.1,2447.0,2450.0,2451.55,587707.0,14486.35
2017-06-14,2455.0,2476.0,2455.0,2465.4,2470.2,744571.0,18386.51
2017-06-15,2469.0,2469.7,2405.0,2410.0,2411.2,1498599.0,36385.09
2017-06-16,2414.95,2435.0,2386.5,2395.0,2399.7,1225213.0,29441.42
2017-06-19,2416.9,2446.35,2405.15,2432.0,2431.7,822371.0,19987.76
2017-06-20,2431.0,2449.0,2380.3,2443.6,2445.0,835479.0,20278.28
2017-06-21,2440.0,2442.15,2397.2,2406.75,2406.3,828909.0,19995.3
2017-06-22,2409.0,2431.0,2385.0,2391.45,2394.85,2887941.0,69397.87
2017-06-23,2399.4,2413.95,2354.0,2359.8,2361.7,712378.0,17017.11
2017-06-27,2350.6,2384.7,2331.6,2348.0,2342.85,987165.0,23270.75
2017-06-28,2349.9,2358.0,2335.0,2346.25,2350.05,894863.0,20992.52
2017-06-29,2359.0,2372.05,2323.1,2328.95,2333.25,1235913.0,28951.51
2017-06-30,2324.4,2377.0,2323.1,2361.0,2362.35,876924.0,20704.28
2017-07-03,2357.4,2383.05,2343.1,2371.0,2373.6,737978.0,17478.72
2017-07-04,2373.3,2380.45,2350.05,2360.8,2366.85,607567.0,14380.53
2017-07-05,2360.8,2365.0,2345.0,2358.0,2356.0,407928.0,9604.33
2017-07-06,2359.0,2361.9,2340.1,2350.05,2347.55,513394.0,12058.35
2017-07-07,2350.0,2356.45,2325.5,2332.0,2331.95,616045.0,14436.98
2017-07-10,2341.0,2444.9,2341.0,2435.0,2434.95,398392.0,9667.14
2017-07-11,2426.0,2514.8,2426.0,2482.5,2475.8,1768752.0,43831.95
2017-07-12,2482.5,2483.3,2430.1,2441.0,2439.45,1323225.0,32463.16
2017-07-13,2445.0,2472.0,2426.6,2439.0,2446.4,1565980.0,38358.73
2017-07-14,2383.0,2425.0,2375.0,2399.1,2397.45,2254216.0,54014.99
2017-07-17,2397.7,2422.1,2382.2,2397.1,2395.45,1105911.0,26570.95
2017-07-18,2396.15,2443.0,2396.15,2415.1,2408.35,954001.0,23068.24
2017-07-19,2415.5,2460.0,2415.1,2449.25,2449.6,1957788.0,47809.44
2017-07-20,2449.25,2456.9,2430.5,2437.0,2444.7,591252.0,14433.94
2017-07-21,2434.9,2500.0,2434.55,2496.0,2491.2,1074208.0,26567.05
2017-07-24,2482.0,2540.0,2482.0,2535.0,2530.7,1135701.0,28613.64
2017-07-25,2525.75,2580.0,2518.4,2579.0,2571.5,1339416.0,34187.36
2017-07-26,2560.0,2575.0,2547.0,2552.0,2556.0,729913.0,18683.3
2017-07-27,2542.2,2584.8,2466.5,2477.0,2481.7,2127652.0,53188.06
2017-07-28,2481.0,2493.05,2442.0,2484.95,2484.3,691376.0,17059.08
2017-07-31,2471.0,2519.0,2463.0,2494.95,2491.8,1009831.0,25145.1
2017-08-01,2500.0,2520.75,2491.0,2495.15,2501.65,873730.0,21861.95
2017-08-02,2500.0,2508.0,2462.0,2475.0,2473.8,625512.0,15540.9
2017-08-03,2480.0,2502.0,2466.45,2490.05,2489.45,941274.0,23407.1
2017-08-04,2490.8,2528.3,2488.0,2525.0,2522.8,693945.0,17423.96
2017-08-07,2516.5,2520.0,2481.2,2507.4,2503.45,942760.0,23486.82
2017-08-08,2512.0,2528.6,2496.3,2500.15,2503.05,536979.0,13465.5
2017-08-09,2500.0,2522.85,2493.3,2508.35,2512.0,496473.0,12468.03
2017-08-10,2509.0,2520.6,2486.35,2520.0,2511.45,763086.0,19071.17
2017-08-11,2499.9,2535.0,2483.0,2492.65,2496.05,697368.0,17460.6
2017-08-14,2503.0,2509.9,2463.0,2468.0,2469.4,393252.0,9781.2
2017-08-16,2484.0,2543.8,2465.2,2490.15,2492.35,686670.0,17082.02
2017-08-17,2500.7,2505.0,2462.1,2485.55,2485.65,876187.0,21729.78
2017-08-18,2474.0,2549.9,2471.4,2515.0,2513.8,1418678.0,35762.82
2017-08-21,2505.5,2549.0,2494.3,2513.2,2528.8,1152417.0,29209.42
2017-08-22,2523.0,2539.5,2492.0,2500.0,2497.55,565663.0,14232.52
2017-08-23,2505.0,2516.8,2473.15,2491.6,2489.45,781136.0,19430.94
2017-08-24,2497.7,2517.95,2486.15,2498.05,2496.6,811954.0,20264.87
2017-08-28,2504.6,2505.4,2461.0,2491.0,2487.3,1018398.0,25253.79
2017-08-29,2482.0,2496.0,2463.95,2475.05,2470.85,656301.0,16230.11
2017-08-30,2481.0,2490.0,2460.1,2485.0,2484.55,485391.0,12030.21
2017-08-31,2485.0,2504.4,2466.65,2498.0,2496.35,892332.0,22218.3
2017-09-01,2480.0,2498.05,2436.55,2460.6,2456.45,851165.0,20877.7
2017-09-04,2453.1,2461.0,2438.0,2457.0,2456.2,531272.0,13027.11
2017-09-05,2460.0,2490.0,2437.05,2484.65,2484.35,582997.0,14359.97
2017-09-06,2468.15,2474.85,2450.0,2453.0,2453.2,614382.0,15081.66
2017-09-07,2458.0,2468.4,2451.05,2460.0,2460.1,435318.0,10702.73
2017-09-08,2453.75,2474.0,2452.55,2465.15,2470.6,510567.0,12591.26
2017-09-11,2471.2,2482.95,2450.0,2455.0,2454.45,366382.0,9025.4
2017-09-12,2473.9,2497.0,2457.0,2497.0,2488.45,698230.0,17243.6
2017-09-13,2500.0,2531.65,2475.2,2492.7,2489.2,639490.0,16015.9
2017-09-14,2482.0,2497.6,2471.9,2485.0,2486.95,540755.0,13433.42
2017-09-15,2499.0,2517.0,2485.0,2504.0,2506.05,1472036.0,36850.86
2017-09-18,2504.95,2518.95,2489.25,2505.0,2499.05,363300.0,9092.33
2017-09-19,2505.0,2505.0,2491.5,2498.0,2498.25,391377.0,9770.93
2017-09-20,2514.0,2514.0,2474.3,2496.0,2493.55,667321.0,16588.85
2017-09-21,2491.05,2541.0,2480.0,2525.0,2524.9,1219370.0,30605.45
2017-09-22,2519.9,2526.9,2492.0,2509.0,2503.6,1217698.0,30542.5
2017-09-25,2496.55,2534.0,2492.75,2510.0,2510.75,799779.0,20115.28
2017-09-26,2510.0,2526.4,2466.0,2475.0,2474.65,724615.0,18012.39
2017-09-27,2490.0,2512.2,2473.75,2495.1,2495.0,1005178.0,25086.34
2017-09-28,2494.7,2514.0,2452.0,2472.75,2476.45,2166433.0,53738.2
2017-09-29,2479.0,2484.0,2421.5,2437.6,2435.95,992507.0,24370.25
2017-10-03,2440.0,2454.3,2427.05,2452.0,2448.45,961503.0,23469.06
2017-10-04,2449.6,2454.0,2425.0,2442.0,2442.3,650389.0,15872.5
2017-10-05,2441.0,2443.45,2424.4,2430.0,2429.6,842343.0,20510.78
2017-10-06,2430.0,2455.0,2428.05,2451.0,2446.65,694594.0,16972.4
2017-10-09,2441.05,2467.95,2441.05,2449.1,2454.1,886808.0,21795.29
2017-10-10,2455.0,2469.95,2451.25,2453.4,2459.25,611005.0,15029.2
2017-10-11,2460.0,2514.45,2456.75,2500.0,2500.35,763873.0,19053.65
2017-10-12,2513.0,2555.0,2507.0,2546.9,2548.2,2503178.0,63317.34
2017-10-13,2548.2,2608.95,2523.0,2559.75,2558.6,2033160.0,52092.88
2017-10-16,2555.05,2590.0,2555.05,2587.0,2584.4,609295.0,15706.77
2017-10-17,2585.0,2614.95,2577.55,2594.6,2594.55,721508.0,18747.43
2017-10-18,2595.0,2613.65,2580.0,2592.0,2586.6,757072.0,19594.82
2017-10-19,2592.0,2595.8,2571.0,2583.4,2583.9,43411.0,1120.86
2017-10-23,2584.0,2629.0,2547.45,2590.0,2587.9,943044.0,24510.29
2017-10-24,2620.0,2620.9,2569.05,2575.0,2578.4,669510.0,17280.89
2017-10-25,2578.5,2614.0,2555.0,2560.0,2559.9,552553.0,14259.52
2017-10-26,2535.1,2569.15,2517.9,2531.7,2538.85,1503776.0,38213.29
2017-10-27,2538.0,2593.15,2530.3,2580.0,2584.3,704635.0,18090.75
2017-10-30,2586.0,2620.0,2581.7,2615.1,2616.2,568626.0,14822.9
2017-10-31,2601.3,2640.0,2601.3,2618.75,2624.0,796317.0,20925.79
2017-11-01,2624.0,2626.85,2578.85,2607.75,2602.85,370941.0,9621.75
2017-11-02,2608.5,2674.0,2606.75,2623.05,2626.15,734211.0,19381.59
2017-11-03,2632.4,2636.7,2602.8,2622.0,2620.1,333443.0,8735.41
2017-11-06,2620.0,2671.8,2611.75,2660.15,2665.55,688500.0,18187.52
2017-11-07,2670.0,2768.0,2666.05,2710.0,2710.05,1348446.0,36656.65
2017-11-08,2723.0,2759.0,2718.25,2737.0,2735.0,701126.0,19219.35
2017-11-09,2750.0,2750.0,2719.3,2740.0,2736.4,576216.0,15744.63
2017-11-10,2722.2,2726.0,2693.35,2710.0,2708.75,678283.0,18360.07
2017-11-13,2702.05,2777.4,2702.05,2756.55,2758.95,748498.0,20638.09
2017-11-14,2756.55,2756.55,2707.5,2710.0,2714.6,828626.0,22527.15
2017-11-15,2706.0,2755.0,2701.35,2710.0,2705.3,3335417.0,91281.29
2017-11-16,2710.0,2763.0,2686.95,2739.9,2746.65,826741.0,22603.13
2017-11-17,2748.1,2748.1,2703.6,2708.2,2707.3,662732.0,18025.58
2017-11-20,2715.0,2726.9,2695.3,2697.9,2703.45,507249.0,13746.33
2017-11-21,2701.0,2701.0,2666.0,2670.25,2672.95,763870.0,20460.45
2017-11-22,2673.0,2709.7,2672.4,2681.4,2680.65,911312.0,24522.35
2017-11-23,2681.0,2693.0,2669.0,2676.55,2681.25,396735.0,10649.38
2017-11-24,2682.0,2702.9,2673.1,2688.2,2688.05,1143756.0,30747.1
2017-11-27,2688.0,2695.9,2662.2,2683.05,2685.85,928393.0,24868.4
2017-11-28,2686.0,2702.4,2670.0,2681.05,2685.3,455858.0,12213.42
2017-11-29,2677.5,2693.0,2650.0,2653.65,2658.15,723766.0,19358.56
2017-11-30,2653.65,2666.95,2623.0,2635.0,2637.0,2149981.0,56789.0
2017-12-01,2635.0,2668.0,2621.5,2630.0,2629.95,515572.0,13651.04
2017-12-04,2622.0,2658.5,2602.95,2630.0,2632.35,629552.0,16556.23
2017-12-05,2631.0,2651.7,2628.15,2633.0,2635.55,583957.0,15423.08
2017-12-06,2636.0,2645.0,2612.85,2635.0,2633.3,703759.0,18491.08
2017-12-07,2632.3,2645.95,2615.0,2617.95,2617.25,663150.0,17398.57
2017-12-08,2618.0,2645.0,2597.0,2600.0,2601.5,692774.0,18162.37
2017-12-11,2608.35,2672.65,2608.35,2670.0,2661.1,504001.0,13282.69
2017-12-12,2661.0,2662.0,2607.4,2609.55,2612.15,941123.0,24696.38
2017-12-13,2611.4,2651.45,2601.0,2633.5,2628.4,1480729.0,38973.86
2017-12-14,2632.0,2632.0,2531.1,2558.2,2557.8,2752075.0,70420.0
2017-12-15,2563.75,2584.45,2536.85,2543.95,2545.6,1359069.0,34695.92
2017-12-18,2537.0,2588.95,2494.35,2576.6,2580.5,1090332.0,27787.74
2017-12-19,2576.0,2597.8,2564.7,2577.4,2575.3,900976.0,23273.87
2017-12-20,2582.0,2592.75,2550.65,2592.0,2588.95,788785.0,20300.2
2017-12-21,2587.0,2608.0,2580.05,2582.1,2595.7,646824.0,16785.69
2017-12-22,2604.0,2663.9,2590.2,2640.0,2646.75,1832832.0,48319.49
2017-12-26,2686.0,2689.75,2631.6,2650.35,2649.45,1087893.0,28868.39
2017-12-27,2649.45,2658.5,2610.5,2617.0,2619.9,369642.0,9729.74
2017-12-28,2608.8,2653.5,2605.65,2631.0,2626.95,1302544.0,34262.57
2017-12-29,2623.1,2708.9,2618.55,2700.0,2701.2,1304771.0,34940.69
2018-01-01,2682.3,2694.8,2635.0,2650.0,2645.6,675880.0,17944.18
2018-01-02,2660.0,2669.6,2620.2,2631.0,2631.2,960145.0,25358.0
2018-01-03,2632.0,2669.0,2631.2,2639.0,2638.65,628560.0,16651.86
2018-01-04,2650.0,2662.0,2640.0,2650.0,2657.1,456541.0,12098.07
2018-01-05,2650.0,2699.5,2650.0,2695.0,2689.2,576853.0,15488.21
2018-01-08,2700.0,2726.85,2681.85,2708.8,2714.4,621110.0,16830.46
2018-01-09,2715.0,2721.0,2676.55,2708.95,2709.0,1074698.0,29055.11
2018-01-10,2711.0,2816.0,2694.65,2803.0,2806.6,1682925.0,46504.24
2018-01-11,2810.0,2821.9,2782.2,2792.5,2790.5,1260524.0,35251.61
2018-01-12,2805.0,2805.0,2740.55,2769.9,2776.35,1680157.0,46444.23
2018-01-15,2777.15,2808.0,2735.05,2737.4,2746.1,728607.0,20170.15
2018-01-16,2756.0,2861.65,2750.55,2860.0,2850.85,2133876.0,60484.65
2018-01-17,2870.0,2925.0,2862.15,2895.0,2888.95,2140403.0,62079.46
2018-01-18,2897.0,2933.0,2868.05,2926.55,2918.2,1104739.0,31997.12
2018-01-19,2930.55,2982.0,2903.65,2974.85,2959.3,910000.0,26670.01
2018-01-22,2961.0,3134.7,2922.0,3090.0,3116.4,2183555.0,66645.66
2018-01-23,3114.95,3142.35,3090.05,3097.9,3102.0,1619805.0,50408.79
2018-01-24,3090.0,3259.05,3082.65,3174.95,3174.6,2810769.0,89651.88
2018-01-25,3175.0,3179.8,3081.0,3133.0,3121.05,1916922.0,59866.62
2018-01-29,3131.4,3225.0,3122.0,3199.25,3198.85,1570530.0,50196.39
2018-01-30,3180.0,3203.8,3143.7,3152.15,3152.85,787379.0,24932.03
2018-01-31,3137.0,3150.0,3098.6,3111.15,3112.35,1521607.0,47461.05
2018-02-01,3124.0,3190.0,3088.8,3150.0,3138.6,1200315.0,37764.74
2018-02-02,3120.0,3190.0,3103.45,3153.0,3153.65,1228245.0,38901.63
2018-02-05,3110.0,3188.0,3076.85,3110.0,3103.2,1378871.0,43003.56
2018-02-06,3010.0,3077.15,2985.0,3000.0,2997.25,1328653.0,40137.44
2018-02-07,3027.0,3031.0,2947.45,2959.0,2955.05,1090162.0,32435.12
2018-02-08,2979.75,3027.6,2959.0,2966.2,2974.2,1377502.0,41327.16
2018-02-09,2950.0,2994.0,2896.65,2978.3,2971.7,1051229.0,30910.37
2018-02-12,2978.3,3023.35,2955.55,2960.15,2967.3,987281.0,29434.08
2018-02-14,2970.0,2974.45,2892.5,2900.0,2911.8,1423766.0,41853.67
2018-02-15,2931.95,2943.0,2905.1,2922.0,2925.85,1232618.0,36059.54
2018-02-16,2923.0,2999.6,2923.0,2931.0,2933.05,1257878.0,37302.56
2018-02-19,2945.0,2953.3,2895.2,2923.65,2923.6,784112.0,22959.55
2018-02-20,2928.0,2985.05,2927.9,2943.0,2944.75,944534.0,27951.26
2018-02-21,2974.0,3062.6,2960.05,3042.35,3042.3,1544614.0,46589.38
2018-02-22,3052.0,3079.0,3022.5,3040.05,3050.2,1731505.0,52773.42
2018-02-23,3050.0,3089.0,2992.1,3078.0,3075.8,1681250.0,51189.36
2018-02-26,3075.0,3089.95,3021.2,3025.6,3031.7,681941.0,20758.94
2018-02-27,3041.0,3078.55,3032.0,3042.0,3042.35,858900.0,26234.43
2018-02-28,3035.0,3063.95,3021.45,3033.4,3035.05,1353432.0,41146.52
2018-03-01,3049.0,3061.2,3020.0,3033.0,3037.7,859062.0,26134.81
2018-03-05,3049.0,3113.65,3032.95,3103.0,3105.85,1429084.0,43955.23
2018-03-06,3122.0,3127.0,3030.15,3041.0,3042.8,953382.0,29434.03
2018-03-07,3070.0,3089.0,3018.5,3028.7,3027.45,958886.0,29200.78
2018-03-08,3054.9,3054.9,2987.5,3001.85,3003.95,975913.0,29449.17
2018-03-09,3005.0,3063.2,2977.2,3035.0,3034.1,936218.0,28373.81
2018-03-12,3043.0,3083.9,3035.5,3046.95,3052.15,1045670.0,32006.69
2018-03-13,2924.9,2939.7,2872.0,2886.1,2886.8,44033577.0,1268361.56
2018-03-14,2892.95,2923.05,2875.05,2887.85,2886.9,1834334.0,53188.8
2018-03-15,2895.0,2902.55,2855.6,2867.0,2869.7,1174453.0,33788.1
2018-03-16,2868.8,2872.0,2805.0,2828.0,2825.7,3598741.0,101999.79
2018-03-19,2829.0,2848.0,2820.0,2828.75,2831.0,1744970.0,49425.94
2018-03-20,2820.0,2873.2,2819.0,2870.0,2864.85,2012492.0,57401.63
2018-03-21,2872.5,2884.3,2850.0,2856.1,2856.75,1953839.0,55992.39
2018-03-22,2859.95,2875.95,2822.55,2824.0,2831.35,1163047.0,33072.11
2018-03-23,2802.0,2834.1,2798.05,2809.2,2818.15,1827061.0,51464.39
2018-03-26,2819.0,2827.4,2781.55,2817.0,2817.0,1482105.0,41681.65
2018-03-27,2825.0,2863.0,2823.05,2843.8,2847.7,1247287.0,35492.78
2018-03-28,2835.9,2875.0,2825.0,2849.35,2849.15,3432827.0,97984.21
2018-04-02,2840.0,2914.0,2840.0,2903.0,2909.65,831494.0,24021.39
2018-04-03,2892.1,2929.9,2892.1,2908.4,2911.25,968645.0,28167.43
2018-04-04,2929.45,2934.0,2892.0,2906.9,2910.9,1420910.0,41418.24
2018-04-05,2926.55,2963.75,2920.35,2954.1,2957.95,904712.0,26684.99
2018-04-06,2954.0,2960.0,2926.55,2939.7,2950.3,564509.0,16617.4
2018-04-09,2939.7,2963.5,2915.0,2925.05,2923.9,617933.0,18147.96
2018-04-10,2925.7,2957.25,2925.7,2933.4,2937.6,592266.0,17433.81
2018-04-11,2950.6,3025.0,2945.6,3010.0,3014.15,1562208.0,46673.84
2018-04-12,3010.0,3150.0,3007.95,3136.0,3139.25,3057180.0,95270.47
2018-04-13,3150.0,3240.8,3132.1,3145.5,3153.3,4089559.0,130104.04
2018-04-16,3116.0,3199.95,3110.75,3185.05,3187.65,3135137.0,99364.61
2018-04-17,3187.65,3194.95,3147.2,3163.6,3166.6,1650862.0,52263.2
2018-04-18,3166.0,3193.45,3145.85,3162.7,3159.1,1216533.0,38522.32
2018-04-19,3179.9,3217.2,3165.75,3191.15,3191.15,2410476.0,76907.75
2018-04-20,3250.0,3422.35,3240.0,3414.0,3402.45,9232831.0,309398.51
2018-04-23,3424.0,3557.9,3389.55,3395.9,3408.65,7592955.0,264086.57
2018-04-24,3410.0,3443.15,3342.5,3380.0,3385.65,4157168.0,140749.38
2018-04-25,3385.0,3483.0,3365.05,3466.0,3470.25,4098287.0,141195.85
2018-04-26,3467.0,3560.0,3467.0,3523.95,3539.25,6067517.0,214112.74
2018-04-27,3525.0,3544.0,3420.0,3458.0,3451.95,2250665.0,78221.68
2018-04-30,3451.95,3549.0,3437.6,3529.0,3532.1,1729279.0,60932.2
2018-05-02,3530.5,3532.2,3471.3,3500.0,3499.75,1579023.0,55218.26
2018-05-03,3509.8,3526.0,3470.4,3481.75,3481.85,1880775.0,65856.82
2018-05-04,3492.0,3497.0,3470.0,3479.0,3480.75,1173622.0,40902.42
2018-05-07,3490.0,3490.0,3410.9,3428.0,3420.95,1742213.0,59904.35
2018-05-08,3434.7,3486.5,3396.7,3440.2,3441.2,1496410.0,51593.22
2018-05-09,3440.2,3494.75,3440.2,3488.5,3489.3,1307525.0,45514.23
2018-05-10,3502.95,3511.15,3440.2,3446.3,3451.25,1929339.0,67113.81
2018-05-11,3454.2,3485.0,3442.5,3461.0,3456.95,1313938.0,45476.37
2018-05-14,3457.0,3471.0,3410.8,3440.0,3433.55,1216947.0,41714.6
2018-05-15,3450.0,3495.8,3433.7,3487.0,3482.4,976445.0,33960.47
2018-05-16,3479.95,3509.0,3475.25,3497.0,3493.9,824225.0,28800.12
2018-05-17,3512.95,3533.15,3476.0,3480.8,3491.8,1484024.0,52084.64
2018-05-18,3480.8,3517.7,3458.0,3495.0,3502.05,937498.0,32698.61
